-- 测试使用，数据无意义
-- MySQL dump 10.13  Distrib 5.7.26, for linux-glibc2.12 (x86_64)
--
-- Host: localhost    Database: iyblog_dev
-- ------------------------------------------------------
-- Server version	5.7.26

/*!40101 SET @OLD_CHARACTER_SET_CLIENT=@@CHARACTER_SET_CLIENT */;
/*!40101 SET @OLD_CHARACTER_SET_RESULTS=@@CHARACTER_SET_RESULTS */;
/*!40101 SET @OLD_COLLATION_CONNECTION=@@COLLATION_CONNECTION */;
/*!40101 SET NAMES utf8 */;
/*!40103 SET @OLD_TIME_ZONE=@@TIME_ZONE */;
/*!40103 SET TIME_ZONE='+00:00' */;
/*!40014 SET @OLD_UNIQUE_CHECKS=@@UNIQUE_CHECKS, UNIQUE_CHECKS=0 */;
/*!40014 SET @OLD_FOREIGN_KEY_CHECKS=@@FOREIGN_KEY_CHECKS, FOREIGN_KEY_CHECKS=0 */;
/*!40101 SET @OLD_SQL_MODE=@@SQL_MODE, SQL_MODE='NO_AUTO_VALUE_ON_ZERO' */;
/*!40111 SET @OLD_SQL_NOTES=@@SQL_NOTES, SQL_NOTES=0 */;

--
-- Table structure for table `iy_article`
--

DROP TABLE IF EXISTS `iy_article`;
/*!40101 SET @saved_cs_client     = @@character_set_client */;
/*!40101 SET character_set_client = utf8 */;
CREATE TABLE `iy_article` (
  `post_id` int(11) NOT NULL AUTO_INCREMENT COMMENT '主键',
  `title` varchar(64) DEFAULT NULL COMMENT '文章标题',
  `identifier` int(11) DEFAULT NULL COMMENT '文章标识码',
  `author_id` int(11) DEFAULT NULL COMMENT '作者id',
  `body_id` int(11) DEFAULT NULL COMMENT '文章结构体id',
  `view_counts` int(11) DEFAULT NULL COMMENT '文章阅读数',
  `weight` int(11) DEFAULT NULL COMMENT '置顶功能',
  `category_id` int(11) DEFAULT NULL COMMENT '分类',
  `create_date` datetime DEFAULT NULL COMMENT '文章创建时间',
  `update_date` timestamp NULL DEFAULT CURRENT_TIMESTAMP ON UPDATE CURRENT_TIMESTAMP COMMENT '文章更新时间',
  PRIMARY KEY (`post_id`),
  UNIQUE KEY `identifier` (`identifier`),
  UNIQUE KEY `body_id` (`body_id`),
  KEY `author_id` (`author_id`),
  KEY `category_id` (`category_id`),
  CONSTRAINT `iy_article_ibfk_1` FOREIGN KEY (`author_id`) REFERENCES `iy_user` (`id`),
  CONSTRAINT `iy_article_ibfk_2` FOREIGN KEY (`body_id`) REFERENCES `iy_article_body` (`id`),
  CONSTRAINT `iy_article_ibfk_3` FOREIGN KEY (`category_id`) REFERENCES `iy_category` (`id`)
) ENGINE=InnoDB AUTO_INCREMENT=23 DEFAULT CHARSET=utf8;
/*!40101 SET character_set_client = @saved_cs_client */;

--
-- Dumping data for table `iy_article`
--

LOCK TABLES `iy_article` WRITE;
/*!40000 ALTER TABLE `iy_article` DISABLE KEYS */;
INSERT INTO `iy_article` VALUES (1,'醉里挑灯看剑',19930126,1,1,200,1,1,'2018-02-01 14:47:19','2018-02-04 16:00:00'),(2,'明月几时有',19930127,1,2,99,1,1,'2018-05-01 14:47:19','2018-02-04 16:00:00'),(3,'床前明月光',19930128,1,3,32,1,1,'2018-07-13 14:47:19','2018-02-04 16:00:00'),(4,'下周回国',19930129,1,4,54,1,1,'2018-12-01 14:47:19','2018-02-04 16:00:00'),(5,'你说你妈呢',19930130,1,5,23,1,1,'2019-02-01 14:47:19','2018-02-04 16:00:00'),(6,'锦瑟无端2十弦',19930132,1,6,67,1,1,'2018-02-11 14:47:19','2018-02-04 16:00:00'),(7,'锦瑟无端30弦',199301546,1,7,88,1,1,'2018-06-01 14:47:19','2018-02-04 16:00:00'),(8,'锦瑟无端40弦',19930134,1,8,5,1,1,'2018-03-01 14:47:19','2018-02-04 16:00:00'),(9,'锦瑟无端23弦',19930156,1,9,765,1,1,'2018-03-01 14:47:19','2018-02-04 16:00:00'),(11,'锦瑟无端123弦',1993012126,1,11,668,1,1,'2018-03-01 14:47:19','2018-02-04 16:00:00'),(12,'锦瑟无端五弦',199303126,1,12,3,1,1,'2018-08-01 14:47:19','2018-02-04 16:00:00'),(13,'锦瑟无端十弦',199301246,1,13,567,1,1,'2018-02-23 14:47:19','2018-02-04 16:00:00'),(14,'锦瑟无端4弦',199301526,1,14,4,1,1,'2018-11-01 14:47:19','2018-02-04 16:00:00'),(15,'锦瑟无端18弦',199301626,1,15,6,1,1,'2017-02-01 14:47:19','2018-02-04 16:00:00'),(16,'锦瑟无端6弦',199301726,1,16,67,1,1,'2018-02-02 14:47:19','2018-02-04 16:00:00'),(17,'锦瑟无端34弦',199301286,1,17,34,1,1,'2011-12-04 14:47:19','2018-02-04 16:00:00'),(18,'锦瑟无端28弦',199301926,1,18,23,1,1,'2018-06-01 14:47:19','2018-02-04 16:00:00'),(20,'深深别院，潜潜牧志！',1993012128,1,25,0,0,5,'2019-06-17 10:07:43','2019-06-17 10:07:43'),(21,'这是一个MARKDOWN支持性测试',1993012132,1,26,0,0,5,'2019-06-17 10:21:06','2019-06-17 10:21:06'),(22,'这是一个 Markdown 语法支持测试',1993012136,1,27,0,0,1,'2019-06-17 12:50:45','2019-06-17 12:50:44');
/*!40000 ALTER TABLE `iy_article` ENABLE KEYS */;
UNLOCK TABLES;

--
-- Table structure for table `iy_article_body`
--

DROP TABLE IF EXISTS `iy_article_body`;
/*!40101 SET @saved_cs_client     = @@character_set_client */;
/*!40101 SET character_set_client = utf8 */;
CREATE TABLE `iy_article_body` (
  `id` int(11) NOT NULL AUTO_INCREMENT COMMENT '主键',
  `content_html` text COMMENT '文章的html',
  `content` text COMMENT '文章内容',
  `summary` varchar(1000) DEFAULT '你如今的气质里，藏着你走过的路、读过的书和爱过的人。' COMMENT '文章摘要',
  PRIMARY KEY (`id`)
) ENGINE=InnoDB AUTO_INCREMENT=28 DEFAULT CHARSET=utf8mb4;
/*!40101 SET character_set_client = @saved_cs_client */;

--
-- Dumping data for table `iy_article_body`
--

LOCK TABLES `iy_article_body` WRITE;
/*!40000 ALTER TABLE `iy_article_body` DISABLE KEYS */;
INSERT INTO `iy_article_body` VALUES (1,'<h2>快速上手</h2>\n<p>本节将介绍如何在项目中使用 Element。</p>\n<h3>使用 Starter Kit</h3>\n<p>我们提供了通用的项目模板，你可以直接使用。对于 Laravel 用户，我们也准备了相应的模板，同样可以直接下载使用。</p>\n<p>如果不希望使用我们提供的模板，请继续阅读。</p>\n<h3>使用 vue-cli</h3>\n<p>我们还可以使用 vue-cli 初始化项目，命令如下：</p>\n<pre><code class=\"lang-language\">&gt; npm i -g vue-cli\n&gt; mkdir my-project &amp;&amp; cd my-project\n&gt; vue init webpack\n&gt; npm i &amp;&amp; npm i element-ui\n</code></pre>\n<h3>引入 Element</h3>\n<p>你可以引入整个 Element，或是根据需要仅引入部分组件。我们先介绍如何引入完整的 Element。</p>\n<h4>完整引入</h4>\n<p>在 main.js 中写入以下内容：</p>\n<pre><div class=\"hljs\"><code class=\"lang-javascript\"><span class=\"hljs-keyword\">import</span> Vue <span class=\"hljs-keyword\">from</span> <span class=\"hljs-string\">\'vue\'</span>\n<span class=\"hljs-keyword\">import</span> ElementUI <span class=\"hljs-keyword\">from</span> <span class=\"hljs-string\">\'element-ui\'</span>\n<span class=\"hljs-keyword\">import</span> <span class=\"hljs-string\">\'element-ui/lib/theme-chalk/index.css\'</span>\n<span class=\"hljs-keyword\">import</span> App <span class=\"hljs-keyword\">from</span> <span class=\"hljs-string\">\'./App.vue\'</span>\n\nVue.use(ElementUI)\n\n<span class=\"hljs-keyword\">new</span> Vue({\n  <span class=\"hljs-attr\">el</span>: <span class=\"hljs-string\">\'#app\'</span>,\n  <span class=\"hljs-attr\">render</span>: <span class=\"hljs-function\"><span class=\"hljs-params\">h</span> =&gt;</span> h(App)\n})\n\n</code></div></pre>\n<p>以上代码便完成了 Element 的引入。需要注意的是，样式文件需要单独引入。</p>\n<h4>按需引入</h4>\n<p>借助 babel-plugin-component，我们可以只引入需要的组件，以达到减小项目体积的目的。</p>\n<p>首先，安装 babel-plugin-component：</p>\n','## 快速上手\n\n本节将介绍如何在项目中使用 Element。\n\n### 使用 Starter Kit\n我们提供了通用的项目模板，你可以直接使用。对于 Laravel 用户，我们也准备了相应的模板，同样可以直接下载使用。\n\n如果不希望使用我们提供的模板，请继续阅读。\n\n### 使用 vue-cli\n\n我们还可以使用 vue-cli 初始化项目，命令如下：\n\n```language\n> npm i -g vue-cli\n> mkdir my-project && cd my-project\n> vue init webpack\n> npm i && npm i element-ui\n```\n\n### 引入 Element\n你可以引入整个 Element，或是根据需要仅引入部分组件。我们先介绍如何引入完整的 Element。\n\n#### 完整引入\n在 main.js 中写入以下内容：\n```javascript\nimport Vue from \'vue\'\nimport ElementUI from \'element-ui\'\nimport \'element-ui/lib/theme-chalk/index.css\'\nimport App from \'./App.vue\'\n\nVue.use(ElementUI)\n\nnew Vue({\n  el: \'#app\',\n  render: h => h(App)\n})\n\n```\n以上代码便完成了 Element 的引入。需要注意的是，样式文件需要单独引入。\n\n#### 按需引入\n借助 babel-plugin-component，我们可以只引入需要的组件，以达到减小项目体积的目的。\n\n首先，安装 babel-plugin-component：\n\n',''),(2,'html1111111','test',''),(3,'html1111111','test',''),(4,'html1111111','test',''),(5,'html1111111','test',''),(6,'html1111111','test',''),(7,'html1111111','test',''),(8,'html1111111','test',''),(9,'html1111111','test',''),(10,'html1111111','test',''),(11,'html1111111','test',''),(12,'html1111111','test',''),(13,'html1111111','test',''),(14,'html1111111','test',''),(15,'html1111111','test',''),(16,'html1111111','test',''),(17,'html1111111','test',''),(18,'html1111111','test',''),(19,'html1111111','test',''),(20,'html1111111','test',''),(21,'<p><img src=\"images/A-withered-tree-comes-to-life-again.jpg\" alt=\"病木重生\" /></p>\n<center>\n    <span> 2018 年摄于北京·香山</span>\n</center>\n<div class=\"slogan\">\n  <i class=\"fa fa-user\"></i>    自述\n</div>\n<p>牧志：牧：治、滋养；志：雄心、意志。化用姜文导演电影作品——《让子弹飞》中人物<code>牧之</code>而来。</p>\n<p>本人主要使用<code>Python</code>语言在后端开发方面做一些微小的工作，目前还没有遇到自己历史的进程。希望做一个有趣的人，最好能有点小钱钱 <em>(:з」∠)</em></p>\n<p>本博客由**<code>imoyao</code>**个人独立创作及维护，主要记录一些工作中遇到的问题及解决方案，可能也会有一部分<s>没人看的</s>生活随笔。</p>\n<blockquote>\n<p>唯有文字能担当此任，宣告生命曾经在场。</p>\n</blockquote>\n<div align = right> <font size = 2> ——史铁生·《务虚笔记》 </font> </div>\n<div class=\"slogan\">\n  <i class=\"fa fa-heartbeat\"></i>   致敬\n</div>\n<ul>\n<li>向祖师爷、BDFL、<code>Python</code>语言的缔造者—— <a href=\"https://gvanrossum.github.io/\" target=\"_blank\"><em>Guido van Rossum</em></a> 致以崇高的敬意；</li>\n<li>向互联网精神布道者、理想主义者、 <code>web.py</code> 的作者—— <em>The Internet’s Own Boy:Aaron Swartz</em> 致以崇高的敬意；\n<ul>\n<li>了解网友对他的评价请戳：<a href=\"https://www.zhihu.com/question/20711220\" target=\"_blank\">亚伦·斯沃茨 (Aaron Swartz) 是怎么样一个人？</a></li>\n<li>通过雪泥鸿爪了解其性格：<a href=\"http://webpy.org/philosophy\" target=\"_blank\">The web.py Philosophy</a></li>\n</ul>\n</li>\n</ul>\n<div class=\"slogan\">\n  <i class=\"fa fa-bell\"></i>    其他\n</div>\n<blockquote>\n<p>这样我挨过许多煎熬的夜晚，于是我读《老子》，读《佛经》，读《圣经》，我读多少那被认为洪水猛兽的书籍。我流着眼泪，赞美着这些伟大的孤独的心灵。他们怀着悲哀驼负人间的酸辛，为这些不肖的子孙开辟大路。但我更恨人群中一些冥顽不灵的自命为「人」的这一类的动物。他们偏若充耳不闻，不肯听旷野里那伟大的凄厉的唤声。他们闭着眼，情愿做地穴里的鼹鼠，避开阳光，鸵鸟似的把头插在愚蠢里。我忍耐不下了，我渴望着一线阳光。我想太阳我多半不及见了，但我也愿望我这一生里能看到平地里轰起一声巨雷，把这群盘踞在地面上得魑魅魍魉击个糜烂，哪怕因而大陆便沉为海。我还是年轻，不尽的令人发指的回忆围攻着我，我想不出一条智慧的路，顾虑的万分周全。冲到我的口上，是我在书房里摇头晃脑背通本《书经》的时代，最使一个小孩动魄惊心的一句切齿的誓言：「时日曷丧，予及汝皆亡！」（见《商书·汤誓》）萦绕于心的也是一种暴风雨来临之感。我恶毒地诅咒四周的不公平，除了去掉这群糜烂的人们，我看不出眼前有多少光明。诚如《旧约》那热情的耶利米所呼号的，「我观看地，地是空虚混沌；我观看天，天也无光」。我感觉到大地震来临前那种「烦躁不安」，我眼看着要地崩山惊，「肥田变为荒地，城邑要被拆毁」，在这种心情下，「我已经听见角声和打仗的喊声」。我要写一点东西，宣泄这一腔愤懑，我要喊「你们末日到了」！对这帮荒淫无耻，丢弃了太阳的人们。</p>\n</blockquote>\n<div align = right> <font size = 2> ——曹禺·《日出》·跋 </font> </div>\n<blockquote>\n<p>要不这样吧，如果编程语言里有个地方你弄不明白，而正好又有个人用了这个功能，那就开枪把他打死。这比学习新特性要容易些，然后过不了多久，那些活下来的程序员就会开始用 0.9.6 版的 Python，而且他们只需要使用这个版本中易于理解的那一小部分就好了（眨眼）。<sup>①</sup></p>\n</blockquote>\n<div align = right> <font size = 2>—— Tim Peters <br> 传奇的核心开发者，“Python 之禅”作者 </font> </div>\n<p><sup>①</sup> 给 comp.lang.python Usenet 小组的留言，2002 年 12 月 23 日，“Acrimony in c.l.p”。</p>\n<div class=\"slogan\">\n  <i class=\"fa fa-handshake\"></i>   联系方式\n</div>\n<ul>\n<li>Email: immoyao#gmail.com</li>\n<li>QQ: NDQ1NTY3ODg5</li>\n<li>Others: imoyao or None ?</li>\n<li>个人公众号：<br />\n<img src=\"https://open.weixin.qq.com/qr/code?username=idealyard\" alt=\"别院牧志\" /></li>\n</ul>\n<center>\n    {% badge idealyard %}\n</center>\n<div class=\"slogan\">\n  <i class=\"fa fa-copyright\"></i>   版权声明 <sub>（特殊声明除外）</sub>\n</div>\n    <center>\n        <a rel=\"license\" href=\"http://creativecommons.org/licenses/by-nc-sa/4.0/\"><img alt=\"知识共享许可协议\" style=\"border-width:0\" src=\"https://i.creativecommons.org/l/by-nc-sa/4.0/88x31.png\" /></a><br />本博客作品采用<a rel=\"license\" href=\"http://creativecommons.org/licenses/by-nc-sa/4.0/\">知识共享署名-非商业性使用-相同方式共享 4.0 国际许可协议</a>进行许可。\n    </center>','![病木重生](images/A-withered-tree-comes-to-life-again.jpg)\n<center>\n    <span> 2018 年摄于北京·香山</span>\n</center>\n\n<div class=\"slogan\">\n  <i class=\"fa fa-user\"></i>    自述\n</div>\n\n牧志：牧：治、滋养；志：雄心、意志。化用姜文导演电影作品——《让子弹飞》中人物`牧之`而来。\n\n本人主要使用`Python`语言在后端开发方面做一些微小的工作，目前还没有遇到自己历史的进程。希望做一个有趣的人，最好能有点小钱钱 _(:з」∠)_\n\n本博客由**`imoyao`**个人独立创作及维护，主要记录一些工作中遇到的问题及解决方案，可能也会有一部分~~没人看的~~生活随笔。\n> 唯有文字能担当此任，宣告生命曾经在场。\n<div align = right> <font size = 2> ——史铁生·《务虚笔记》 </font> </div>\n\n<div class=\"slogan\">\n  <i class=\"fa fa-heartbeat\"></i>   致敬\n</div>\n\n- 向祖师爷、BDFL、`Python`语言的缔造者—— [_Guido van Rossum_](https://gvanrossum.github.io/) 致以崇高的敬意；\n- 向互联网精神布道者、理想主义者、 `web.py` 的作者—— *The Internet\'s Own Boy:Aaron Swartz* 致以崇高的敬意；  \n    - 了解网友对他的评价请戳：[亚伦·斯沃茨 (Aaron Swartz) 是怎么样一个人？](https://www.zhihu.com/question/20711220)\n    - 通过雪泥鸿爪了解其性格：[The web.py Philosophy](http://webpy.org/philosophy)\n\n<div class=\"slogan\">\n  <i class=\"fa fa-bell\"></i>    其他\n</div>\n\n>这样我挨过许多煎熬的夜晚，于是我读《老子》，读《佛经》，读《圣经》，我读多少那被认为洪水猛兽的书籍。我流着眼泪，赞美着这些伟大的孤独的心灵。他们怀着悲哀驼负人间的酸辛，为这些不肖的子孙开辟大路。但我更恨人群中一些冥顽不灵的自命为「人」的这一类的动物。他们偏若充耳不闻，不肯听旷野里那伟大的凄厉的唤声。他们闭着眼，情愿做地穴里的鼹鼠，避开阳光，鸵鸟似的把头插在愚蠢里。我忍耐不下了，我渴望着一线阳光。我想太阳我多半不及见了，但我也愿望我这一生里能看到平地里轰起一声巨雷，把这群盘踞在地面上得魑魅魍魉击个糜烂，哪怕因而大陆便沉为海。我还是年轻，不尽的令人发指的回忆围攻着我，我想不出一条智慧的路，顾虑的万分周全。冲到我的口上，是我在书房里摇头晃脑背通本《书经》的时代，最使一个小孩动魄惊心的一句切齿的誓言：「时日曷丧，予及汝皆亡！」（见《商书·汤誓》）萦绕于心的也是一种暴风雨来临之感。我恶毒地诅咒四周的不公平，除了去掉这群糜烂的人们，我看不出眼前有多少光明。诚如《旧约》那热情的耶利米所呼号的，「我观看地，地是空虚混沌；我观看天，天也无光」。我感觉到大地震来临前那种「烦躁不安」，我眼看着要地崩山惊，「肥田变为荒地，城邑要被拆毁」，在这种心情下，「我已经听见角声和打仗的喊声」。我要写一点东西，宣泄这一腔愤懑，我要喊「你们末日到了」！对这帮荒淫无耻，丢弃了太阳的人们。\n<div align = right> <font size = 2> ——曹禺·《日出》·跋 </font> </div>\n\n>要不这样吧，如果编程语言里有个地方你弄不明白，而正好又有个人用了这个功能，那就开枪把他打死。这比学习新特性要容易些，然后过不了多久，那些活下来的程序员就会开始用 0.9.6 版的 Python，而且他们只需要使用这个版本中易于理解的那一小部分就好了（眨眼）。<sup>①</sup>\n<div align = right> <font size = 2>—— Tim Peters <br> 传奇的核心开发者，“Python 之禅”作者 </font> </div>\n\n<sup>①</sup> 给 comp.lang.python Usenet 小组的留言，2002 年 12 月 23 日，“Acrimony in c.l.p”。\n\n<div class=\"slogan\">\n  <i class=\"fa fa-handshake\"></i>   联系方式\n</div>\n\n- Email: immoyao#gmail.com\n- QQ: NDQ1NTY3ODg5\n- Others: imoyao or None :-)\n- 个人公众号：  \n![别院牧志](https://open.weixin.qq.com/qr/code?username=idealyard)\n<center>\n    {% badge idealyard %}\n</center>\n\n<div class=\"slogan\">\n  <i class=\"fa fa-copyright\"></i>   版权声明 <sub>（特殊声明除外）</sub>\n</div>\n    <center>\n        <a rel=\"license\" href=\"http://creativecommons.org/licenses/by-nc-sa/4.0/\"><img alt=\"知识共享许可协议\" style=\"border-width:0\" src=\"https://i.creativecommons.org/l/by-nc-sa/4.0/88x31.png\" /></a><br />本博客作品采用<a rel=\"license\" href=\"http://creativecommons.org/licenses/by-nc-sa/4.0/\">知识共享署名-非商业性使用-相同方式共享 4.0 国际许可协议</a>进行许可。\n    </center>','深深别院，潜潜牧志！'),(22,'<p><img src=\"images/A-withered-tree-comes-to-life-again.jpg\" alt=\"病木重生\" /></p>\n<center>\n    <span> 2018 年摄于北京·香山</span>\n</center>\n<div class=\"slogan\">\n  <i class=\"fa fa-user\"></i>    自述\n</div>\n<p>牧志：牧：治、滋养；志：雄心、意志。化用姜文导演电影作品——《让子弹飞》中人物<code>牧之</code>而来。</p>\n<p>本人主要使用<code>Python</code>语言在后端开发方面做一些微小的工作，目前还没有遇到自己历史的进程。希望做一个有趣的人，最好能有点小钱钱 <em>(:з」∠)</em></p>\n<p>本博客由**<code>imoyao</code>**个人独立创作及维护，主要记录一些工作中遇到的问题及解决方案，可能也会有一部分<s>没人看的</s>生活随笔。</p>\n<blockquote>\n<p>唯有文字能担当此任，宣告生命曾经在场。</p>\n</blockquote>\n<div align = right> <font size = 2> ——史铁生·《务虚笔记》 </font> </div>\n<div class=\"slogan\">\n  <i class=\"fa fa-heartbeat\"></i>   致敬\n</div>\n<ul>\n<li>向祖师爷、BDFL、<code>Python</code>语言的缔造者—— <a href=\"https://gvanrossum.github.io/\" target=\"_blank\"><em>Guido van Rossum</em></a> 致以崇高的敬意；</li>\n<li>向互联网精神布道者、理想主义者、 <code>web.py</code> 的作者—— <em>The Internet’s Own Boy:Aaron Swartz</em> 致以崇高的敬意；\n<ul>\n<li>了解网友对他的评价请戳：<a href=\"https://www.zhihu.com/question/20711220\" target=\"_blank\">亚伦·斯沃茨 (Aaron Swartz) 是怎么样一个人？</a></li>\n<li>通过雪泥鸿爪了解其性格：<a href=\"http://webpy.org/philosophy\" target=\"_blank\">The web.py Philosophy</a></li>\n</ul>\n</li>\n</ul>\n<div class=\"slogan\">\n  <i class=\"fa fa-bell\"></i>    其他\n</div>\n<blockquote>\n<p>这样我挨过许多煎熬的夜晚，于是我读《老子》，读《佛经》，读《圣经》，我读多少那被认为洪水猛兽的书籍。我流着眼泪，赞美着这些伟大的孤独的心灵。他们怀着悲哀驼负人间的酸辛，为这些不肖的子孙开辟大路。但我更恨人群中一些冥顽不灵的自命为「人」的这一类的动物。他们偏若充耳不闻，不肯听旷野里那伟大的凄厉的唤声。他们闭着眼，情愿做地穴里的鼹鼠，避开阳光，鸵鸟似的把头插在愚蠢里。我忍耐不下了，我渴望着一线阳光。我想太阳我多半不及见了，但我也愿望我这一生里能看到平地里轰起一声巨雷，把这群盘踞在地面上得魑魅魍魉击个糜烂，哪怕因而大陆便沉为海。我还是年轻，不尽的令人发指的回忆围攻着我，我想不出一条智慧的路，顾虑的万分周全。冲到我的口上，是我在书房里摇头晃脑背通本《书经》的时代，最使一个小孩动魄惊心的一句切齿的誓言：「时日曷丧，予及汝皆亡！」（见《商书·汤誓》）萦绕于心的也是一种暴风雨来临之感。我恶毒地诅咒四周的不公平，除了去掉这群糜烂的人们，我看不出眼前有多少光明。诚如《旧约》那热情的耶利米所呼号的，「我观看地，地是空虚混沌；我观看天，天也无光」。我感觉到大地震来临前那种「烦躁不安」，我眼看着要地崩山惊，「肥田变为荒地，城邑要被拆毁」，在这种心情下，「我已经听见角声和打仗的喊声」。我要写一点东西，宣泄这一腔愤懑，我要喊「你们末日到了」！对这帮荒淫无耻，丢弃了太阳的人们。</p>\n</blockquote>\n<div align = right> <font size = 2> ——曹禺·《日出》·跋 </font> </div>\n<blockquote>\n<p>要不这样吧，如果编程语言里有个地方你弄不明白，而正好又有个人用了这个功能，那就开枪把他打死。这比学习新特性要容易些，然后过不了多久，那些活下来的程序员就会开始用 0.9.6 版的 Python，而且他们只需要使用这个版本中易于理解的那一小部分就好了（眨眼）。<sup>①</sup></p>\n</blockquote>\n<div align = right> <font size = 2>—— Tim Peters <br> 传奇的核心开发者，“Python 之禅”作者 </font> </div>\n<p><sup>①</sup> 给 comp.lang.python Usenet 小组的留言，2002 年 12 月 23 日，“Acrimony in c.l.p”。</p>\n<div class=\"slogan\">\n  <i class=\"fa fa-handshake\"></i>   联系方式\n</div>\n<ul>\n<li>Email: immoyao#gmail.com</li>\n<li>QQ: NDQ1NTY3ODg5</li>\n<li>Others: imoyao or None ?</li>\n<li>个人公众号：<br />\n<img src=\"https://open.weixin.qq.com/qr/code?username=idealyard\" alt=\"别院牧志\" /></li>\n</ul>\n<center>\n    {% badge idealyard %}\n</center>\n<div class=\"slogan\">\n  <i class=\"fa fa-copyright\"></i>   版权声明 <sub>（特殊声明除外）</sub>\n</div>\n    <center>\n        <a rel=\"license\" href=\"http://creativecommons.org/licenses/by-nc-sa/4.0/\"><img alt=\"知识共享许可协议\" style=\"border-width:0\" src=\"https://i.creativecommons.org/l/by-nc-sa/4.0/88x31.png\" /></a><br />本博客作品采用<a rel=\"license\" href=\"http://creativecommons.org/licenses/by-nc-sa/4.0/\">知识共享署名-非商业性使用-相同方式共享 4.0 国际许可协议</a>进行许可。\n    </center>','![病木重生](images/A-withered-tree-comes-to-life-again.jpg)\n<center>\n    <span> 2018 年摄于北京·香山</span>\n</center>\n\n<div class=\"slogan\">\n  <i class=\"fa fa-user\"></i>    自述\n</div>\n\n牧志：牧：治、滋养；志：雄心、意志。化用姜文导演电影作品——《让子弹飞》中人物`牧之`而来。\n\n本人主要使用`Python`语言在后端开发方面做一些微小的工作，目前还没有遇到自己历史的进程。希望做一个有趣的人，最好能有点小钱钱 _(:з」∠)_\n\n本博客由**`imoyao`**个人独立创作及维护，主要记录一些工作中遇到的问题及解决方案，可能也会有一部分~~没人看的~~生活随笔。\n> 唯有文字能担当此任，宣告生命曾经在场。\n<div align = right> <font size = 2> ——史铁生·《务虚笔记》 </font> </div>\n\n<div class=\"slogan\">\n  <i class=\"fa fa-heartbeat\"></i>   致敬\n</div>\n\n- 向祖师爷、BDFL、`Python`语言的缔造者—— [_Guido van Rossum_](https://gvanrossum.github.io/) 致以崇高的敬意；\n- 向互联网精神布道者、理想主义者、 `web.py` 的作者—— *The Internet\'s Own Boy:Aaron Swartz* 致以崇高的敬意；  \n    - 了解网友对他的评价请戳：[亚伦·斯沃茨 (Aaron Swartz) 是怎么样一个人？](https://www.zhihu.com/question/20711220)\n    - 通过雪泥鸿爪了解其性格：[The web.py Philosophy](http://webpy.org/philosophy)\n\n<div class=\"slogan\">\n  <i class=\"fa fa-bell\"></i>    其他\n</div>\n\n>这样我挨过许多煎熬的夜晚，于是我读《老子》，读《佛经》，读《圣经》，我读多少那被认为洪水猛兽的书籍。我流着眼泪，赞美着这些伟大的孤独的心灵。他们怀着悲哀驼负人间的酸辛，为这些不肖的子孙开辟大路。但我更恨人群中一些冥顽不灵的自命为「人」的这一类的动物。他们偏若充耳不闻，不肯听旷野里那伟大的凄厉的唤声。他们闭着眼，情愿做地穴里的鼹鼠，避开阳光，鸵鸟似的把头插在愚蠢里。我忍耐不下了，我渴望着一线阳光。我想太阳我多半不及见了，但我也愿望我这一生里能看到平地里轰起一声巨雷，把这群盘踞在地面上得魑魅魍魉击个糜烂，哪怕因而大陆便沉为海。我还是年轻，不尽的令人发指的回忆围攻着我，我想不出一条智慧的路，顾虑的万分周全。冲到我的口上，是我在书房里摇头晃脑背通本《书经》的时代，最使一个小孩动魄惊心的一句切齿的誓言：「时日曷丧，予及汝皆亡！」（见《商书·汤誓》）萦绕于心的也是一种暴风雨来临之感。我恶毒地诅咒四周的不公平，除了去掉这群糜烂的人们，我看不出眼前有多少光明。诚如《旧约》那热情的耶利米所呼号的，「我观看地，地是空虚混沌；我观看天，天也无光」。我感觉到大地震来临前那种「烦躁不安」，我眼看着要地崩山惊，「肥田变为荒地，城邑要被拆毁」，在这种心情下，「我已经听见角声和打仗的喊声」。我要写一点东西，宣泄这一腔愤懑，我要喊「你们末日到了」！对这帮荒淫无耻，丢弃了太阳的人们。\n<div align = right> <font size = 2> ——曹禺·《日出》·跋 </font> </div>\n\n>要不这样吧，如果编程语言里有个地方你弄不明白，而正好又有个人用了这个功能，那就开枪把他打死。这比学习新特性要容易些，然后过不了多久，那些活下来的程序员就会开始用 0.9.6 版的 Python，而且他们只需要使用这个版本中易于理解的那一小部分就好了（眨眼）。<sup>①</sup>\n<div align = right> <font size = 2>—— Tim Peters <br> 传奇的核心开发者，“Python 之禅”作者 </font> </div>\n\n<sup>①</sup> 给 comp.lang.python Usenet 小组的留言，2002 年 12 月 23 日，“Acrimony in c.l.p”。\n\n<div class=\"slogan\">\n  <i class=\"fa fa-handshake\"></i>   联系方式\n</div>\n\n- Email: immoyao#gmail.com\n- QQ: NDQ1NTY3ODg5\n- Others: imoyao or None :-)\n- 个人公众号：  \n![别院牧志](https://open.weixin.qq.com/qr/code?username=idealyard)\n<center>\n    {% badge idealyard %}\n</center>\n\n<div class=\"slogan\">\n  <i class=\"fa fa-copyright\"></i>   版权声明 <sub>（特殊声明除外）</sub>\n</div>\n    <center>\n        <a rel=\"license\" href=\"http://creativecommons.org/licenses/by-nc-sa/4.0/\"><img alt=\"知识共享许可协议\" style=\"border-width:0\" src=\"https://i.creativecommons.org/l/by-nc-sa/4.0/88x31.png\" /></a><br />本博客作品采用<a rel=\"license\" href=\"http://creativecommons.org/licenses/by-nc-sa/4.0/\">知识共享署名-非商业性使用-相同方式共享 4.0 国际许可协议</a>进行许可。\n    </center>','深深别院，潜潜牧志！'),(23,'<p><img src=\"images/A-withered-tree-comes-to-life-again.jpg\" alt=\"病木重生\" /></p>\n<center>\n    <span> 2018 年摄于北京·香山</span>\n</center>\n<div class=\"slogan\">\n  <i class=\"fa fa-user\"></i>    自述\n</div>\n<p>牧志：牧：治、滋养；志：雄心、意志。化用姜文导演电影作品——《让子弹飞》中人物<code>牧之</code>而来。</p>\n<p>本人主要使用<code>Python</code>语言在后端开发方面做一些微小的工作，目前还没有遇到自己历史的进程。希望做一个有趣的人，最好能有点小钱钱 <em>(:з」∠)</em></p>\n<p>本博客由**<code>imoyao</code>**个人独立创作及维护，主要记录一些工作中遇到的问题及解决方案，可能也会有一部分<s>没人看的</s>生活随笔。</p>\n<blockquote>\n<p>唯有文字能担当此任，宣告生命曾经在场。</p>\n</blockquote>\n<div align = right> <font size = 2> ——史铁生·《务虚笔记》 </font> </div>\n<div class=\"slogan\">\n  <i class=\"fa fa-heartbeat\"></i>   致敬\n</div>\n<ul>\n<li>向祖师爷、BDFL、<code>Python</code>语言的缔造者—— <a href=\"https://gvanrossum.github.io/\" target=\"_blank\"><em>Guido van Rossum</em></a> 致以崇高的敬意；</li>\n<li>向互联网精神布道者、理想主义者、 <code>web.py</code> 的作者—— <em>The Internet’s Own Boy:Aaron Swartz</em> 致以崇高的敬意；\n<ul>\n<li>了解网友对他的评价请戳：<a href=\"https://www.zhihu.com/question/20711220\" target=\"_blank\">亚伦·斯沃茨 (Aaron Swartz) 是怎么样一个人？</a></li>\n<li>通过雪泥鸿爪了解其性格：<a href=\"http://webpy.org/philosophy\" target=\"_blank\">The web.py Philosophy</a></li>\n</ul>\n</li>\n</ul>\n<div class=\"slogan\">\n  <i class=\"fa fa-bell\"></i>    其他\n</div>\n<blockquote>\n<p>这样我挨过许多煎熬的夜晚，于是我读《老子》，读《佛经》，读《圣经》，我读多少那被认为洪水猛兽的书籍。我流着眼泪，赞美着这些伟大的孤独的心灵。他们怀着悲哀驼负人间的酸辛，为这些不肖的子孙开辟大路。但我更恨人群中一些冥顽不灵的自命为「人」的这一类的动物。他们偏若充耳不闻，不肯听旷野里那伟大的凄厉的唤声。他们闭着眼，情愿做地穴里的鼹鼠，避开阳光，鸵鸟似的把头插在愚蠢里。我忍耐不下了，我渴望着一线阳光。我想太阳我多半不及见了，但我也愿望我这一生里能看到平地里轰起一声巨雷，把这群盘踞在地面上得魑魅魍魉击个糜烂，哪怕因而大陆便沉为海。我还是年轻，不尽的令人发指的回忆围攻着我，我想不出一条智慧的路，顾虑的万分周全。冲到我的口上，是我在书房里摇头晃脑背通本《书经》的时代，最使一个小孩动魄惊心的一句切齿的誓言：「时日曷丧，予及汝皆亡！」（见《商书·汤誓》）萦绕于心的也是一种暴风雨来临之感。我恶毒地诅咒四周的不公平，除了去掉这群糜烂的人们，我看不出眼前有多少光明。诚如《旧约》那热情的耶利米所呼号的，「我观看地，地是空虚混沌；我观看天，天也无光」。我感觉到大地震来临前那种「烦躁不安」，我眼看着要地崩山惊，「肥田变为荒地，城邑要被拆毁」，在这种心情下，「我已经听见角声和打仗的喊声」。我要写一点东西，宣泄这一腔愤懑，我要喊「你们末日到了」！对这帮荒淫无耻，丢弃了太阳的人们。</p>\n</blockquote>\n<div align = right> <font size = 2> ——曹禺·《日出》·跋 </font> </div>\n<blockquote>\n<p>要不这样吧，如果编程语言里有个地方你弄不明白，而正好又有个人用了这个功能，那就开枪把他打死。这比学习新特性要容易些，然后过不了多久，那些活下来的程序员就会开始用 0.9.6 版的 Python，而且他们只需要使用这个版本中易于理解的那一小部分就好了（眨眼）。<sup>①</sup></p>\n</blockquote>\n<div align = right> <font size = 2>—— Tim Peters <br> 传奇的核心开发者，“Python 之禅”作者 </font> </div>\n<p><sup>①</sup> 给 comp.lang.python Usenet 小组的留言，2002 年 12 月 23 日，“Acrimony in c.l.p”。</p>\n<div class=\"slogan\">\n  <i class=\"fa fa-handshake\"></i>   联系方式\n</div>\n<ul>\n<li>Email: immoyao#gmail.com</li>\n<li>QQ: NDQ1NTY3ODg5</li>\n<li>Others: imoyao or None ?</li>\n<li>个人公众号：<br />\n<img src=\"https://open.weixin.qq.com/qr/code?username=idealyard\" alt=\"别院牧志\" /></li>\n</ul>\n<center>\n    {% badge idealyard %}\n</center>\n<div class=\"slogan\">\n  <i class=\"fa fa-copyright\"></i>   版权声明 <sub>（特殊声明除外）</sub>\n</div>\n    <center>\n        <a rel=\"license\" href=\"http://creativecommons.org/licenses/by-nc-sa/4.0/\"><img alt=\"知识共享许可协议\" style=\"border-width:0\" src=\"https://i.creativecommons.org/l/by-nc-sa/4.0/88x31.png\" /></a><br />本博客作品采用<a rel=\"license\" href=\"http://creativecommons.org/licenses/by-nc-sa/4.0/\">知识共享署名-非商业性使用-相同方式共享 4.0 国际许可协议</a>进行许可。\n    </center>','![病木重生](images/A-withered-tree-comes-to-life-again.jpg)\n<center>\n    <span> 2018 年摄于北京·香山</span>\n</center>\n\n<div class=\"slogan\">\n  <i class=\"fa fa-user\"></i>    自述\n</div>\n\n牧志：牧：治、滋养；志：雄心、意志。化用姜文导演电影作品——《让子弹飞》中人物`牧之`而来。\n\n本人主要使用`Python`语言在后端开发方面做一些微小的工作，目前还没有遇到自己历史的进程。希望做一个有趣的人，最好能有点小钱钱 _(:з」∠)_\n\n本博客由**`imoyao`**个人独立创作及维护，主要记录一些工作中遇到的问题及解决方案，可能也会有一部分~~没人看的~~生活随笔。\n> 唯有文字能担当此任，宣告生命曾经在场。\n<div align = right> <font size = 2> ——史铁生·《务虚笔记》 </font> </div>\n\n<div class=\"slogan\">\n  <i class=\"fa fa-heartbeat\"></i>   致敬\n</div>\n\n- 向祖师爷、BDFL、`Python`语言的缔造者—— [_Guido van Rossum_](https://gvanrossum.github.io/) 致以崇高的敬意；\n- 向互联网精神布道者、理想主义者、 `web.py` 的作者—— *The Internet\'s Own Boy:Aaron Swartz* 致以崇高的敬意；  \n    - 了解网友对他的评价请戳：[亚伦·斯沃茨 (Aaron Swartz) 是怎么样一个人？](https://www.zhihu.com/question/20711220)\n    - 通过雪泥鸿爪了解其性格：[The web.py Philosophy](http://webpy.org/philosophy)\n\n<div class=\"slogan\">\n  <i class=\"fa fa-bell\"></i>    其他\n</div>\n\n>这样我挨过许多煎熬的夜晚，于是我读《老子》，读《佛经》，读《圣经》，我读多少那被认为洪水猛兽的书籍。我流着眼泪，赞美着这些伟大的孤独的心灵。他们怀着悲哀驼负人间的酸辛，为这些不肖的子孙开辟大路。但我更恨人群中一些冥顽不灵的自命为「人」的这一类的动物。他们偏若充耳不闻，不肯听旷野里那伟大的凄厉的唤声。他们闭着眼，情愿做地穴里的鼹鼠，避开阳光，鸵鸟似的把头插在愚蠢里。我忍耐不下了，我渴望着一线阳光。我想太阳我多半不及见了，但我也愿望我这一生里能看到平地里轰起一声巨雷，把这群盘踞在地面上得魑魅魍魉击个糜烂，哪怕因而大陆便沉为海。我还是年轻，不尽的令人发指的回忆围攻着我，我想不出一条智慧的路，顾虑的万分周全。冲到我的口上，是我在书房里摇头晃脑背通本《书经》的时代，最使一个小孩动魄惊心的一句切齿的誓言：「时日曷丧，予及汝皆亡！」（见《商书·汤誓》）萦绕于心的也是一种暴风雨来临之感。我恶毒地诅咒四周的不公平，除了去掉这群糜烂的人们，我看不出眼前有多少光明。诚如《旧约》那热情的耶利米所呼号的，「我观看地，地是空虚混沌；我观看天，天也无光」。我感觉到大地震来临前那种「烦躁不安」，我眼看着要地崩山惊，「肥田变为荒地，城邑要被拆毁」，在这种心情下，「我已经听见角声和打仗的喊声」。我要写一点东西，宣泄这一腔愤懑，我要喊「你们末日到了」！对这帮荒淫无耻，丢弃了太阳的人们。\n<div align = right> <font size = 2> ——曹禺·《日出》·跋 </font> </div>\n\n>要不这样吧，如果编程语言里有个地方你弄不明白，而正好又有个人用了这个功能，那就开枪把他打死。这比学习新特性要容易些，然后过不了多久，那些活下来的程序员就会开始用 0.9.6 版的 Python，而且他们只需要使用这个版本中易于理解的那一小部分就好了（眨眼）。<sup>①</sup>\n<div align = right> <font size = 2>—— Tim Peters <br> 传奇的核心开发者，“Python 之禅”作者 </font> </div>\n\n<sup>①</sup> 给 comp.lang.python Usenet 小组的留言，2002 年 12 月 23 日，“Acrimony in c.l.p”。\n\n<div class=\"slogan\">\n  <i class=\"fa fa-handshake\"></i>   联系方式\n</div>\n\n- Email: immoyao#gmail.com\n- QQ: NDQ1NTY3ODg5\n- Others: imoyao or None :-)\n- 个人公众号：  \n![别院牧志](https://open.weixin.qq.com/qr/code?username=idealyard)\n<center>\n    {% badge idealyard %}\n</center>\n\n<div class=\"slogan\">\n  <i class=\"fa fa-copyright\"></i>   版权声明 <sub>（特殊声明除外）</sub>\n</div>\n    <center>\n        <a rel=\"license\" href=\"http://creativecommons.org/licenses/by-nc-sa/4.0/\"><img alt=\"知识共享许可协议\" style=\"border-width:0\" src=\"https://i.creativecommons.org/l/by-nc-sa/4.0/88x31.png\" /></a><br />本博客作品采用<a rel=\"license\" href=\"http://creativecommons.org/licenses/by-nc-sa/4.0/\">知识共享署名-非商业性使用-相同方式共享 4.0 国际许可协议</a>进行许可。\n    </center>','深深别院，潜潜牧志！'),(24,'<p><img src=\"images/A-withered-tree-comes-to-life-again.jpg\" alt=\"病木重生\" /></p>\n<center>\n    <span> 2018 年摄于北京·香山</span>\n</center>\n<div class=\"slogan\">\n  <i class=\"fa fa-user\"></i>    自述\n</div>\n<p>牧志：牧：治、滋养；志：雄心、意志。化用姜文导演电影作品——《让子弹飞》中人物<code>牧之</code>而来。</p>\n<p>本人主要使用<code>Python</code>语言在后端开发方面做一些微小的工作，目前还没有遇到自己历史的进程。希望做一个有趣的人，最好能有点小钱钱 <em>(:з」∠)</em></p>\n<p>本博客由**<code>imoyao</code>**个人独立创作及维护，主要记录一些工作中遇到的问题及解决方案，可能也会有一部分<s>没人看的</s>生活随笔。</p>\n<blockquote>\n<p>唯有文字能担当此任，宣告生命曾经在场。</p>\n</blockquote>\n<div align = right> <font size = 2> ——史铁生·《务虚笔记》 </font> </div>\n<div class=\"slogan\">\n  <i class=\"fa fa-heartbeat\"></i>   致敬\n</div>\n<ul>\n<li>向祖师爷、BDFL、<code>Python</code>语言的缔造者—— <a href=\"https://gvanrossum.github.io/\" target=\"_blank\"><em>Guido van Rossum</em></a> 致以崇高的敬意；</li>\n<li>向互联网精神布道者、理想主义者、 <code>web.py</code> 的作者—— <em>The Internet’s Own Boy:Aaron Swartz</em> 致以崇高的敬意；\n<ul>\n<li>了解网友对他的评价请戳：<a href=\"https://www.zhihu.com/question/20711220\" target=\"_blank\">亚伦·斯沃茨 (Aaron Swartz) 是怎么样一个人？</a></li>\n<li>通过雪泥鸿爪了解其性格：<a href=\"http://webpy.org/philosophy\" target=\"_blank\">The web.py Philosophy</a></li>\n</ul>\n</li>\n</ul>\n<div class=\"slogan\">\n  <i class=\"fa fa-bell\"></i>    其他\n</div>\n<blockquote>\n<p>这样我挨过许多煎熬的夜晚，于是我读《老子》，读《佛经》，读《圣经》，我读多少那被认为洪水猛兽的书籍。我流着眼泪，赞美着这些伟大的孤独的心灵。他们怀着悲哀驼负人间的酸辛，为这些不肖的子孙开辟大路。但我更恨人群中一些冥顽不灵的自命为「人」的这一类的动物。他们偏若充耳不闻，不肯听旷野里那伟大的凄厉的唤声。他们闭着眼，情愿做地穴里的鼹鼠，避开阳光，鸵鸟似的把头插在愚蠢里。我忍耐不下了，我渴望着一线阳光。我想太阳我多半不及见了，但我也愿望我这一生里能看到平地里轰起一声巨雷，把这群盘踞在地面上得魑魅魍魉击个糜烂，哪怕因而大陆便沉为海。我还是年轻，不尽的令人发指的回忆围攻着我，我想不出一条智慧的路，顾虑的万分周全。冲到我的口上，是我在书房里摇头晃脑背通本《书经》的时代，最使一个小孩动魄惊心的一句切齿的誓言：「时日曷丧，予及汝皆亡！」（见《商书·汤誓》）萦绕于心的也是一种暴风雨来临之感。我恶毒地诅咒四周的不公平，除了去掉这群糜烂的人们，我看不出眼前有多少光明。诚如《旧约》那热情的耶利米所呼号的，「我观看地，地是空虚混沌；我观看天，天也无光」。我感觉到大地震来临前那种「烦躁不安」，我眼看着要地崩山惊，「肥田变为荒地，城邑要被拆毁」，在这种心情下，「我已经听见角声和打仗的喊声」。我要写一点东西，宣泄这一腔愤懑，我要喊「你们末日到了」！对这帮荒淫无耻，丢弃了太阳的人们。</p>\n</blockquote>\n<div align = right> <font size = 2> ——曹禺·《日出》·跋 </font> </div>\n<blockquote>\n<p>要不这样吧，如果编程语言里有个地方你弄不明白，而正好又有个人用了这个功能，那就开枪把他打死。这比学习新特性要容易些，然后过不了多久，那些活下来的程序员就会开始用 0.9.6 版的 Python，而且他们只需要使用这个版本中易于理解的那一小部分就好了（眨眼）。<sup>①</sup></p>\n</blockquote>\n<div align = right> <font size = 2>—— Tim Peters <br> 传奇的核心开发者，“Python 之禅”作者 </font> </div>\n<p><sup>①</sup> 给 comp.lang.python Usenet 小组的留言，2002 年 12 月 23 日，“Acrimony in c.l.p”。</p>\n<div class=\"slogan\">\n  <i class=\"fa fa-handshake\"></i>   联系方式\n</div>\n<ul>\n<li>Email: immoyao#gmail.com</li>\n<li>QQ: NDQ1NTY3ODg5</li>\n<li>Others: imoyao or None ?</li>\n<li>个人公众号：<br />\n<img src=\"https://open.weixin.qq.com/qr/code?username=idealyard\" alt=\"别院牧志\" /></li>\n</ul>\n<center>\n    {% badge idealyard %}\n</center>\n<div class=\"slogan\">\n  <i class=\"fa fa-copyright\"></i>   版权声明 <sub>（特殊声明除外）</sub>\n</div>\n    <center>\n        <a rel=\"license\" href=\"http://creativecommons.org/licenses/by-nc-sa/4.0/\"><img alt=\"知识共享许可协议\" style=\"border-width:0\" src=\"https://i.creativecommons.org/l/by-nc-sa/4.0/88x31.png\" /></a><br />本博客作品采用<a rel=\"license\" href=\"http://creativecommons.org/licenses/by-nc-sa/4.0/\">知识共享署名-非商业性使用-相同方式共享 4.0 国际许可协议</a>进行许可。\n    </center>','![病木重生](images/A-withered-tree-comes-to-life-again.jpg)\n<center>\n    <span> 2018 年摄于北京·香山</span>\n</center>\n\n<div class=\"slogan\">\n  <i class=\"fa fa-user\"></i>    自述\n</div>\n\n牧志：牧：治、滋养；志：雄心、意志。化用姜文导演电影作品——《让子弹飞》中人物`牧之`而来。\n\n本人主要使用`Python`语言在后端开发方面做一些微小的工作，目前还没有遇到自己历史的进程。希望做一个有趣的人，最好能有点小钱钱 _(:з」∠)_\n\n本博客由**`imoyao`**个人独立创作及维护，主要记录一些工作中遇到的问题及解决方案，可能也会有一部分~~没人看的~~生活随笔。\n> 唯有文字能担当此任，宣告生命曾经在场。\n<div align = right> <font size = 2> ——史铁生·《务虚笔记》 </font> </div>\n\n<div class=\"slogan\">\n  <i class=\"fa fa-heartbeat\"></i>   致敬\n</div>\n\n- 向祖师爷、BDFL、`Python`语言的缔造者—— [_Guido van Rossum_](https://gvanrossum.github.io/) 致以崇高的敬意；\n- 向互联网精神布道者、理想主义者、 `web.py` 的作者—— *The Internet\'s Own Boy:Aaron Swartz* 致以崇高的敬意；  \n    - 了解网友对他的评价请戳：[亚伦·斯沃茨 (Aaron Swartz) 是怎么样一个人？](https://www.zhihu.com/question/20711220)\n    - 通过雪泥鸿爪了解其性格：[The web.py Philosophy](http://webpy.org/philosophy)\n\n<div class=\"slogan\">\n  <i class=\"fa fa-bell\"></i>    其他\n</div>\n\n>这样我挨过许多煎熬的夜晚，于是我读《老子》，读《佛经》，读《圣经》，我读多少那被认为洪水猛兽的书籍。我流着眼泪，赞美着这些伟大的孤独的心灵。他们怀着悲哀驼负人间的酸辛，为这些不肖的子孙开辟大路。但我更恨人群中一些冥顽不灵的自命为「人」的这一类的动物。他们偏若充耳不闻，不肯听旷野里那伟大的凄厉的唤声。他们闭着眼，情愿做地穴里的鼹鼠，避开阳光，鸵鸟似的把头插在愚蠢里。我忍耐不下了，我渴望着一线阳光。我想太阳我多半不及见了，但我也愿望我这一生里能看到平地里轰起一声巨雷，把这群盘踞在地面上得魑魅魍魉击个糜烂，哪怕因而大陆便沉为海。我还是年轻，不尽的令人发指的回忆围攻着我，我想不出一条智慧的路，顾虑的万分周全。冲到我的口上，是我在书房里摇头晃脑背通本《书经》的时代，最使一个小孩动魄惊心的一句切齿的誓言：「时日曷丧，予及汝皆亡！」（见《商书·汤誓》）萦绕于心的也是一种暴风雨来临之感。我恶毒地诅咒四周的不公平，除了去掉这群糜烂的人们，我看不出眼前有多少光明。诚如《旧约》那热情的耶利米所呼号的，「我观看地，地是空虚混沌；我观看天，天也无光」。我感觉到大地震来临前那种「烦躁不安」，我眼看着要地崩山惊，「肥田变为荒地，城邑要被拆毁」，在这种心情下，「我已经听见角声和打仗的喊声」。我要写一点东西，宣泄这一腔愤懑，我要喊「你们末日到了」！对这帮荒淫无耻，丢弃了太阳的人们。\n<div align = right> <font size = 2> ——曹禺·《日出》·跋 </font> </div>\n\n>要不这样吧，如果编程语言里有个地方你弄不明白，而正好又有个人用了这个功能，那就开枪把他打死。这比学习新特性要容易些，然后过不了多久，那些活下来的程序员就会开始用 0.9.6 版的 Python，而且他们只需要使用这个版本中易于理解的那一小部分就好了（眨眼）。<sup>①</sup>\n<div align = right> <font size = 2>—— Tim Peters <br> 传奇的核心开发者，“Python 之禅”作者 </font> </div>\n\n<sup>①</sup> 给 comp.lang.python Usenet 小组的留言，2002 年 12 月 23 日，“Acrimony in c.l.p”。\n\n<div class=\"slogan\">\n  <i class=\"fa fa-handshake\"></i>   联系方式\n</div>\n\n- Email: immoyao#gmail.com\n- QQ: NDQ1NTY3ODg5\n- Others: imoyao or None :-)\n- 个人公众号：  \n![别院牧志](https://open.weixin.qq.com/qr/code?username=idealyard)\n<center>\n    {% badge idealyard %}\n</center>\n\n<div class=\"slogan\">\n  <i class=\"fa fa-copyright\"></i>   版权声明 <sub>（特殊声明除外）</sub>\n</div>\n    <center>\n        <a rel=\"license\" href=\"http://creativecommons.org/licenses/by-nc-sa/4.0/\"><img alt=\"知识共享许可协议\" style=\"border-width:0\" src=\"https://i.creativecommons.org/l/by-nc-sa/4.0/88x31.png\" /></a><br />本博客作品采用<a rel=\"license\" href=\"http://creativecommons.org/licenses/by-nc-sa/4.0/\">知识共享署名-非商业性使用-相同方式共享 4.0 国际许可协议</a>进行许可。\n    </center>','深深别院，潜潜牧志！'),(25,'<p><img src=\"images/A-withered-tree-comes-to-life-again.jpg\" alt=\"病木重生\" /></p>\n<center>\n    <span> 2018 年摄于北京·香山</span>\n</center>\n<div class=\"slogan\">\n  <i class=\"fa fa-user\"></i>    自述\n</div>\n<p>牧志：牧：治、滋养；志：雄心、意志。化用姜文导演电影作品——《让子弹飞》中人物<code>牧之</code>而来。</p>\n<p>本人主要使用<code>Python</code>语言在后端开发方面做一些微小的工作，目前还没有遇到自己历史的进程。希望做一个有趣的人，最好能有点小钱钱 <em>(:з」∠)</em></p>\n<p>本博客由**<code>imoyao</code>**个人独立创作及维护，主要记录一些工作中遇到的问题及解决方案，可能也会有一部分<s>没人看的</s>生活随笔。</p>\n<blockquote>\n<p>唯有文字能担当此任，宣告生命曾经在场。</p>\n</blockquote>\n<div align = right> <font size = 2> ——史铁生·《务虚笔记》 </font> </div>\n<div class=\"slogan\">\n  <i class=\"fa fa-heartbeat\"></i>   致敬\n</div>\n<ul>\n<li>向祖师爷、BDFL、<code>Python</code>语言的缔造者—— <a href=\"https://gvanrossum.github.io/\" target=\"_blank\"><em>Guido van Rossum</em></a> 致以崇高的敬意；</li>\n<li>向互联网精神布道者、理想主义者、 <code>web.py</code> 的作者—— <em>The Internet’s Own Boy:Aaron Swartz</em> 致以崇高的敬意；\n<ul>\n<li>了解网友对他的评价请戳：<a href=\"https://www.zhihu.com/question/20711220\" target=\"_blank\">亚伦·斯沃茨 (Aaron Swartz) 是怎么样一个人？</a></li>\n<li>通过雪泥鸿爪了解其性格：<a href=\"http://webpy.org/philosophy\" target=\"_blank\">The web.py Philosophy</a></li>\n</ul>\n</li>\n</ul>\n<div class=\"slogan\">\n  <i class=\"fa fa-bell\"></i>    其他\n</div>\n<blockquote>\n<p>这样我挨过许多煎熬的夜晚，于是我读《老子》，读《佛经》，读《圣经》，我读多少那被认为洪水猛兽的书籍。我流着眼泪，赞美着这些伟大的孤独的心灵。他们怀着悲哀驼负人间的酸辛，为这些不肖的子孙开辟大路。但我更恨人群中一些冥顽不灵的自命为「人」的这一类的动物。他们偏若充耳不闻，不肯听旷野里那伟大的凄厉的唤声。他们闭着眼，情愿做地穴里的鼹鼠，避开阳光，鸵鸟似的把头插在愚蠢里。我忍耐不下了，我渴望着一线阳光。我想太阳我多半不及见了，但我也愿望我这一生里能看到平地里轰起一声巨雷，把这群盘踞在地面上得魑魅魍魉击个糜烂，哪怕因而大陆便沉为海。我还是年轻，不尽的令人发指的回忆围攻着我，我想不出一条智慧的路，顾虑的万分周全。冲到我的口上，是我在书房里摇头晃脑背通本《书经》的时代，最使一个小孩动魄惊心的一句切齿的誓言：「时日曷丧，予及汝皆亡！」（见《商书·汤誓》）萦绕于心的也是一种暴风雨来临之感。我恶毒地诅咒四周的不公平，除了去掉这群糜烂的人们，我看不出眼前有多少光明。诚如《旧约》那热情的耶利米所呼号的，「我观看地，地是空虚混沌；我观看天，天也无光」。我感觉到大地震来临前那种「烦躁不安」，我眼看着要地崩山惊，「肥田变为荒地，城邑要被拆毁」，在这种心情下，「我已经听见角声和打仗的喊声」。我要写一点东西，宣泄这一腔愤懑，我要喊「你们末日到了」！对这帮荒淫无耻，丢弃了太阳的人们。</p>\n</blockquote>\n<div align = right> <font size = 2> ——曹禺·《日出》·跋 </font> </div>\n<blockquote>\n<p>要不这样吧，如果编程语言里有个地方你弄不明白，而正好又有个人用了这个功能，那就开枪把他打死。这比学习新特性要容易些，然后过不了多久，那些活下来的程序员就会开始用 0.9.6 版的 Python，而且他们只需要使用这个版本中易于理解的那一小部分就好了（眨眼）。<sup>①</sup></p>\n</blockquote>\n<div align = right> <font size = 2>—— Tim Peters <br> 传奇的核心开发者，“Python 之禅”作者 </font> </div>\n<p><sup>①</sup> 给 comp.lang.python Usenet 小组的留言，2002 年 12 月 23 日，“Acrimony in c.l.p”。</p>\n<div class=\"slogan\">\n  <i class=\"fa fa-handshake\"></i>   联系方式\n</div>\n<ul>\n<li>Email: immoyao#gmail.com</li>\n<li>QQ: NDQ1NTY3ODg5</li>\n<li>Others: imoyao or None ?</li>\n<li>个人公众号：<br />\n<img src=\"https://open.weixin.qq.com/qr/code?username=idealyard\" alt=\"别院牧志\" /></li>\n</ul>\n<center>\n    {% badge idealyard %}\n</center>\n<div class=\"slogan\">\n  <i class=\"fa fa-copyright\"></i>   版权声明 <sub>（特殊声明除外）</sub>\n</div>\n    <center>\n        <a rel=\"license\" href=\"http://creativecommons.org/licenses/by-nc-sa/4.0/\"><img alt=\"知识共享许可协议\" style=\"border-width:0\" src=\"https://i.creativecommons.org/l/by-nc-sa/4.0/88x31.png\" /></a><br />本博客作品采用<a rel=\"license\" href=\"http://creativecommons.org/licenses/by-nc-sa/4.0/\">知识共享署名-非商业性使用-相同方式共享 4.0 国际许可协议</a>进行许可。\n    </center>','![病木重生](images/A-withered-tree-comes-to-life-again.jpg)\n<center>\n    <span> 2018 年摄于北京·香山</span>\n</center>\n\n<div class=\"slogan\">\n  <i class=\"fa fa-user\"></i>    自述\n</div>\n\n牧志：牧：治、滋养；志：雄心、意志。化用姜文导演电影作品——《让子弹飞》中人物`牧之`而来。\n\n本人主要使用`Python`语言在后端开发方面做一些微小的工作，目前还没有遇到自己历史的进程。希望做一个有趣的人，最好能有点小钱钱 _(:з」∠)_\n\n本博客由**`imoyao`**个人独立创作及维护，主要记录一些工作中遇到的问题及解决方案，可能也会有一部分~~没人看的~~生活随笔。\n> 唯有文字能担当此任，宣告生命曾经在场。\n<div align = right> <font size = 2> ——史铁生·《务虚笔记》 </font> </div>\n\n<div class=\"slogan\">\n  <i class=\"fa fa-heartbeat\"></i>   致敬\n</div>\n\n- 向祖师爷、BDFL、`Python`语言的缔造者—— [_Guido van Rossum_](https://gvanrossum.github.io/) 致以崇高的敬意；\n- 向互联网精神布道者、理想主义者、 `web.py` 的作者—— *The Internet\'s Own Boy:Aaron Swartz* 致以崇高的敬意；  \n    - 了解网友对他的评价请戳：[亚伦·斯沃茨 (Aaron Swartz) 是怎么样一个人？](https://www.zhihu.com/question/20711220)\n    - 通过雪泥鸿爪了解其性格：[The web.py Philosophy](http://webpy.org/philosophy)\n\n<div class=\"slogan\">\n  <i class=\"fa fa-bell\"></i>    其他\n</div>\n\n>这样我挨过许多煎熬的夜晚，于是我读《老子》，读《佛经》，读《圣经》，我读多少那被认为洪水猛兽的书籍。我流着眼泪，赞美着这些伟大的孤独的心灵。他们怀着悲哀驼负人间的酸辛，为这些不肖的子孙开辟大路。但我更恨人群中一些冥顽不灵的自命为「人」的这一类的动物。他们偏若充耳不闻，不肯听旷野里那伟大的凄厉的唤声。他们闭着眼，情愿做地穴里的鼹鼠，避开阳光，鸵鸟似的把头插在愚蠢里。我忍耐不下了，我渴望着一线阳光。我想太阳我多半不及见了，但我也愿望我这一生里能看到平地里轰起一声巨雷，把这群盘踞在地面上得魑魅魍魉击个糜烂，哪怕因而大陆便沉为海。我还是年轻，不尽的令人发指的回忆围攻着我，我想不出一条智慧的路，顾虑的万分周全。冲到我的口上，是我在书房里摇头晃脑背通本《书经》的时代，最使一个小孩动魄惊心的一句切齿的誓言：「时日曷丧，予及汝皆亡！」（见《商书·汤誓》）萦绕于心的也是一种暴风雨来临之感。我恶毒地诅咒四周的不公平，除了去掉这群糜烂的人们，我看不出眼前有多少光明。诚如《旧约》那热情的耶利米所呼号的，「我观看地，地是空虚混沌；我观看天，天也无光」。我感觉到大地震来临前那种「烦躁不安」，我眼看着要地崩山惊，「肥田变为荒地，城邑要被拆毁」，在这种心情下，「我已经听见角声和打仗的喊声」。我要写一点东西，宣泄这一腔愤懑，我要喊「你们末日到了」！对这帮荒淫无耻，丢弃了太阳的人们。\n<div align = right> <font size = 2> ——曹禺·《日出》·跋 </font> </div>\n\n>要不这样吧，如果编程语言里有个地方你弄不明白，而正好又有个人用了这个功能，那就开枪把他打死。这比学习新特性要容易些，然后过不了多久，那些活下来的程序员就会开始用 0.9.6 版的 Python，而且他们只需要使用这个版本中易于理解的那一小部分就好了（眨眼）。<sup>①</sup>\n<div align = right> <font size = 2>—— Tim Peters <br> 传奇的核心开发者，“Python 之禅”作者 </font> </div>\n\n<sup>①</sup> 给 comp.lang.python Usenet 小组的留言，2002 年 12 月 23 日，“Acrimony in c.l.p”。\n\n<div class=\"slogan\">\n  <i class=\"fa fa-handshake\"></i>   联系方式\n</div>\n\n- Email: immoyao#gmail.com\n- QQ: NDQ1NTY3ODg5\n- Others: imoyao or None :-)\n- 个人公众号：  \n![别院牧志](https://open.weixin.qq.com/qr/code?username=idealyard)\n<center>\n    {% badge idealyard %}\n</center>\n\n<div class=\"slogan\">\n  <i class=\"fa fa-copyright\"></i>   版权声明 <sub>（特殊声明除外）</sub>\n</div>\n    <center>\n        <a rel=\"license\" href=\"http://creativecommons.org/licenses/by-nc-sa/4.0/\"><img alt=\"知识共享许可协议\" style=\"border-width:0\" src=\"https://i.creativecommons.org/l/by-nc-sa/4.0/88x31.png\" /></a><br />本博客作品采用<a rel=\"license\" href=\"http://creativecommons.org/licenses/by-nc-sa/4.0/\">知识共享署名-非商业性使用-相同方式共享 4.0 国际许可协议</a>进行许可。\n    </center>','深深别院，潜潜牧志！'),(26,'<h1><a id=\"Cmd_Markdown__0\"></a>Cmd Markdown 简明语法手册</h1>\n<p>标签： Cmd-Markdown</p>\n<hr />\n<h3><a id=\"1__6\"></a>1. 斜体和粗体</h3>\n<p>使用 * 和 ** 表示斜体和粗体。</p>\n<p>示例：</p>\n<p>这是 <em>斜体</em>，这是 <strong>粗体</strong>。</p>\n<h3><a id=\"2__14\"></a>2. 分级标题</h3>\n<p>使用 === 表示一级标题，使用 — 表示二级标题。</p>\n<p>示例：</p>\n<pre><code class=\"lang-\">这是一个一级标题\n============================\n\n这是一个二级标题\n--------------------------------------------------\n\n### 这是一个三级标题\n</code></pre>\n<p>你也可以选择在行首加井号表示不同级别的标题 (H1-H6)，例如：# H1, ## H2, ### H3，#### H4。</p>\n<h3><a id=\"3__32\"></a>3. 外链接</h3>\n<p>使用 [描述](链接地址) 为文字增加外链接。</p>\n<p>示例：</p>\n<p>这是去往 <a href=\"http://ghosertblog.github.com\" target=\"_blank\">本人博客</a> 的链接。</p>\n<h3><a id=\"4__40\"></a>4. 无序列表</h3>\n<p>使用 *，+，- 表示无序列表。</p>\n<p>示例：</p>\n<ul>\n<li>无序列表项 一</li>\n<li>无序列表项 二</li>\n<li>无序列表项 三</li>\n</ul>\n<h3><a id=\"5__50\"></a>5. 有序列表</h3>\n<p>使用数字和点表示有序列表。</p>\n<p>示例：</p>\n<ol>\n<li>有序列表项 一</li>\n<li>有序列表项 二</li>\n<li>有序列表项 三</li>\n</ol>\n<h3><a id=\"6__60\"></a>6. 文字引用</h3>\n<p>使用 &gt; 表示文字引用。</p>\n<p>示例：</p>\n<blockquote>\n<p>野火烧不尽，春风吹又生。</p>\n</blockquote>\n<h3><a id=\"7__68\"></a>7. 行内代码块</h3>\n<p>使用 `代码` 表示行内代码块。</p>\n<p>示例：</p>\n<p>让我们聊聊 <code>html</code>。</p>\n<h3><a id=\"8___76\"></a>8.  代码块</h3>\n<p>使用 四个缩进空格 表示代码块。</p>\n<p>示例：</p>\n<pre><code>这是一个代码块，此行左侧有四个不可见的空格。\n</code></pre>\n<h3><a id=\"9___84\"></a>9.  插入图像</h3>\n<p>使用 ![描述](图片链接地址) 插入图像。</p>\n<p>示例：</p>\n<p><img src=\"https://www.zybuluo.com/static/img/my_head.jpg\" alt=\"我的头像\" /></p>\n<h1><a id=\"Cmd_Markdown__92\"></a>Cmd Markdown 高阶语法手册</h1>\n<h3><a id=\"1__94\"></a>1. 内容目录</h3>\n<p>在段落中填写 <code>[TOC]</code> 以显示全文内容的目录结构。</p>\n<p>[TOC]</p>\n<h3><a id=\"2__100\"></a>2. 标签分类</h3>\n<p>在编辑区任意行的列首位置输入以下代码给文稿标签：</p>\n<p>标签： 数学 英语 Markdown</p>\n<p>或者</p>\n<p>Tags： 数学 英语 Markdown</p>\n<h3><a id=\"3__110\"></a>3. 删除线</h3>\n<p>使用 ~~ 表示删除线。</p>\n<p><s>这是一段错误的文本。</s></p>\n<h3><a id=\"4__116\"></a>4. 注脚</h3>\n<p>使用 [^keyword] 表示注脚。</p>\n<p>这是一个注脚<sup class=\"footnote-ref\"><a href=\"#fn1\" id=\"fnref1\">[1]</a></sup>的样例。</p>\n<p>这是第二个注脚<sup class=\"footnote-ref\"><a href=\"#fn2\" id=\"fnref2\">[2]</a></sup>的样例。</p>\n<h3><a id=\"5_LaTeX__124\"></a>5. LaTeX 公式</h3>\n<p>$ 表示行内公式：</p>\n<p>质能守恒方程可以用一个很简洁的方程式 <span class=\"katex\"><span class=\"katex-mathml\"><math><semantics><mrow><mi>E</mi><mo>=</mo><mi>m</mi><msup><mi>c</mi><mn>2</mn></msup></mrow><annotation encoding=\"application/x-tex\">E=mc^2</annotation></semantics></math></span><span class=\"katex-html\" aria-hidden=\"true\"><span class=\"strut\" style=\"height:0.8141079999999999em;\"></span><span class=\"strut bottom\" style=\"height:0.8141079999999999em;vertical-align:0em;\"></span><span class=\"base\"><span class=\"mord mathit\" style=\"margin-right:0.05764em;\">E</span><span class=\"mrel\">=</span><span class=\"mord mathit\">m</span><span class=\"mord\"><span class=\"mord mathit\">c</span><span class=\"msupsub\"><span class=\"vlist-t\"><span class=\"vlist-r\"><span class=\"vlist\" style=\"height:0.8141079999999999em;\"><span style=\"top:-3.063em;margin-right:0.05em;\"><span class=\"pstrut\" style=\"height:2.7em;\"></span><span class=\"sizing reset-size6 size3 mtight\"><span class=\"mord mathrm mtight\">2</span></span></span></span></span></span></span></span></span></span></span> 来表达。</p>\n 表示整行公式：\n\n$$\\sum_{i=1}^n a_i=0\n<p><span class=\"katex-display\"><span class=\"katex\"><span class=\"katex-mathml\"><math><semantics><mrow><mi>f</mi><mo>(</mo><msub><mi>x</mi><mn>1</mn></msub><mo separator=\"true\">,</mo><msub><mi>x</mi><mi>x</mi></msub><mo separator=\"true\">,</mo><mo>…</mo><mo separator=\"true\">,</mo><msub><mi>x</mi><mi>n</mi></msub><mo>)</mo><mo>=</mo><msubsup><mi>x</mi><mn>1</mn><mn>2</mn></msubsup><mo>+</mo><msubsup><mi>x</mi><mn>2</mn><mn>2</mn></msubsup><mo>+</mo><mo>⋯</mo><mo>+</mo><msubsup><mi>x</mi><mi>n</mi><mn>2</mn></msubsup></mrow><annotation encoding=\"application/x-tex\">f(x_1,x_x,\\ldots,x_n) = x_1^2 + x_2^2 + \\cdots + x_n^2 \n</annotation></semantics></math></span><span class=\"katex-html\" aria-hidden=\"true\"><span class=\"strut\" style=\"height:0.8641079999999999em;\"></span><span class=\"strut bottom\" style=\"height:1.1141079999999999em;vertical-align:-0.25em;\"></span><span class=\"base\"><span class=\"mord mathit\" style=\"margin-right:0.10764em;\">f</span><span class=\"mopen\">(</span><span class=\"mord\"><span class=\"mord mathit\">x</span><span class=\"msupsub\"><span class=\"vlist-t vlist-t2\"><span class=\"vlist-r\"><span class=\"vlist\" style=\"height:0.30110799999999993em;\"><span style=\"top:-2.5500000000000003em;margin-left:0em;margin-right:0.05em;\"><span class=\"pstrut\" style=\"height:2.7em;\"></span><span class=\"sizing reset-size6 size3 mtight\"><span class=\"mord mathrm mtight\">1</span></span></span></span><span class=\"vlist-s\">​</span></span><span class=\"vlist-r\"><span class=\"vlist\" style=\"height:0.15em;\"></span></span></span></span></span><span class=\"mpunct\">,</span><span class=\"mord\"><span class=\"mord mathit\">x</span><span class=\"msupsub\"><span class=\"vlist-t vlist-t2\"><span class=\"vlist-r\"><span class=\"vlist\" style=\"height:0.151392em;\"><span style=\"top:-2.5500000000000003em;margin-left:0em;margin-right:0.05em;\"><span class=\"pstrut\" style=\"height:2.7em;\"></span><span class=\"sizing reset-size6 size3 mtight\"><span class=\"mord mathit mtight\">x</span></span></span></span><span class=\"vlist-s\">​</span></span><span class=\"vlist-r\"><span class=\"vlist\" style=\"height:0.15em;\"></span></span></span></span></span><span class=\"mpunct\">,</span><span class=\"minner\">…</span><span class=\"mpunct\">,</span><span class=\"mord\"><span class=\"mord mathit\">x</span><span class=\"msupsub\"><span class=\"vlist-t vlist-t2\"><span class=\"vlist-r\"><span class=\"vlist\" style=\"height:0.151392em;\"><span style=\"top:-2.5500000000000003em;margin-left:0em;margin-right:0.05em;\"><span class=\"pstrut\" style=\"height:2.7em;\"></span><span class=\"sizing reset-size6 size3 mtight\"><span class=\"mord mathit mtight\">n</span></span></span></span><span class=\"vlist-s\">​</span></span><span class=\"vlist-r\"><span class=\"vlist\" style=\"height:0.15em;\"></span></span></span></span></span><span class=\"mclose\">)</span><span class=\"mrel\">=</span><span class=\"mord\"><span class=\"mord mathit\">x</span><span class=\"msupsub\"><span class=\"vlist-t vlist-t2\"><span class=\"vlist-r\"><span class=\"vlist\" style=\"height:0.8641079999999999em;\"><span style=\"top:-2.4530000000000003em;margin-left:0em;margin-right:0.05em;\"><span class=\"pstrut\" style=\"height:2.7em;\"></span><span class=\"sizing reset-size6 size3 mtight\"><span class=\"mord mathrm mtight\">1</span></span></span><span style=\"top:-3.113em;margin-right:0.05em;\"><span class=\"pstrut\" style=\"height:2.7em;\"></span><span class=\"sizing reset-size6 size3 mtight\"><span class=\"mord mathrm mtight\">2</span></span></span></span><span class=\"vlist-s\">​</span></span><span class=\"vlist-r\"><span class=\"vlist\" style=\"height:0.247em;\"></span></span></span></span></span><span class=\"mbin\">+</span><span class=\"mord\"><span class=\"mord mathit\">x</span><span class=\"msupsub\"><span class=\"vlist-t vlist-t2\"><span class=\"vlist-r\"><span class=\"vlist\" style=\"height:0.8641079999999999em;\"><span style=\"top:-2.4530000000000003em;margin-left:0em;margin-right:0.05em;\"><span class=\"pstrut\" style=\"height:2.7em;\"></span><span class=\"sizing reset-size6 size3 mtight\"><span class=\"mord mathrm mtight\">2</span></span></span><span style=\"top:-3.113em;margin-right:0.05em;\"><span class=\"pstrut\" style=\"height:2.7em;\"></span><span class=\"sizing reset-size6 size3 mtight\"><span class=\"mord mathrm mtight\">2</span></span></span></span><span class=\"vlist-s\">​</span></span><span class=\"vlist-r\"><span class=\"vlist\" style=\"height:0.247em;\"></span></span></span></span></span><span class=\"mbin\">+</span><span class=\"minner\">⋯</span><span class=\"mbin\">+</span><span class=\"mord\"><span class=\"mord mathit\">x</span><span class=\"msupsub\"><span class=\"vlist-t vlist-t2\"><span class=\"vlist-r\"><span class=\"vlist\" style=\"height:0.8641079999999999em;\"><span style=\"top:-2.4530000000000003em;margin-left:0em;margin-right:0.05em;\"><span class=\"pstrut\" style=\"height:2.7em;\"></span><span class=\"sizing reset-size6 size3 mtight\"><span class=\"mord mathit mtight\">n</span></span></span><span style=\"top:-3.113em;margin-right:0.05em;\"><span class=\"pstrut\" style=\"height:2.7em;\"></span><span class=\"sizing reset-size6 size3 mtight\"><span class=\"mord mathrm mtight\">2</span></span></span></span><span class=\"vlist-s\">​</span></span><span class=\"vlist-r\"><span class=\"vlist\" style=\"height:0.247em;\"></span></span></span></span></span></span></span></span></span></p>\n<p><span class=\"katex-display\"><span class=\"katex\"><span class=\"katex-mathml\"><math><semantics><mrow><munderover><mo>∑</mo><mrow><mi>k</mi><mo>=</mo><mn>0</mn></mrow><mrow><mi>j</mi><mo>−</mo><mn>1</mn></mrow></munderover><mrow><msub><mover accent=\"true\"><mrow><mi>γ</mi></mrow><mo stretchy=\"true\">^</mo></mover><mrow><mi>k</mi><mi>j</mi></mrow></msub><msub><mi>z</mi><mi>k</mi></msub></mrow></mrow><annotation encoding=\"application/x-tex\">\\sum^{j-1}_{k=0}{\\widehat{\\gamma}_{kj} z_k}\n</annotation></semantics></math></span><span class=\"katex-html\" aria-hidden=\"true\"><span class=\"strut\" style=\"height:1.8587770000000001em;\"></span><span class=\"strut bottom\" style=\"height:3.16089em;vertical-align:-1.302113em;\"></span><span class=\"base\"><span class=\"mop op-limits\"><span class=\"vlist-t vlist-t2\"><span class=\"vlist-r\"><span class=\"vlist\" style=\"height:1.8587770000000001em;\"><span style=\"top:-1.8478869999999998em;margin-left:0em;\"><span class=\"pstrut\" style=\"height:3.05em;\"></span><span class=\"sizing reset-size6 size3 mtight\"><span class=\"mord mtight\"><span class=\"mord mathit mtight\" style=\"margin-right:0.03148em;\">k</span><span class=\"mrel mtight\">=</span><span class=\"mord mathrm mtight\">0</span></span></span></span><span style=\"top:-3.0500049999999996em;\"><span class=\"pstrut\" style=\"height:3.05em;\"></span><span><span class=\"mop op-symbol large-op\">∑</span></span></span><span style=\"top:-4.347113em;margin-left:0em;\"><span class=\"pstrut\" style=\"height:3.05em;\"></span><span class=\"sizing reset-size6 size3 mtight\"><span class=\"mord mtight\"><span class=\"mord mathit mtight\" style=\"margin-right:0.05724em;\">j</span><span class=\"mbin mtight\">−</span><span class=\"mord mathrm mtight\">1</span></span></span></span></span><span class=\"vlist-s\">​</span></span><span class=\"vlist-r\"><span class=\"vlist\" style=\"height:1.302113em;\"></span></span></span></span><span class=\"mord\"><span class=\"mord\"><span class=\"mord accent\"><span class=\"vlist-t vlist-t2\"><span class=\"vlist-r\"><span class=\"vlist\" style=\"height:0.67056em;\"><span style=\"top:-3em;\"><span class=\"pstrut\" style=\"height:3em;\"></span><span class=\"mord\"><span class=\"mord mathit\" style=\"margin-right:0.05556em;\">γ</span></span></span><span class=\"svg-align\" style=\"top:-3.43056em;\"><span class=\"pstrut\" style=\"height:3em;\"></span><span style=\"height:0.24em;\"><svg width=\'100%\' height=\'0.24em\' viewBox=\'0 0 1062 239\' preserveAspectRatio=\'none\'>\n<path d=\'M529 0h5l519 115c5 1 9 5 9 10 0 1-1 2-1 3l-4 22\nc-1 5-5 9-11 9h-2L532 67 19 159h-2c-5 0-9-4-11-9l-5-22c-1-6 2-12 8-13z\'/></svg></span></span></span><span class=\"vlist-s\">​</span></span><span class=\"vlist-r\"><span class=\"vlist\" style=\"height:0.19444em;\"></span></span></span></span><span class=\"msupsub\"><span class=\"vlist-t vlist-t2\"><span class=\"vlist-r\"><span class=\"vlist\" style=\"height:0.3361079999999999em;\"><span style=\"top:-2.5500000000000003em;margin-right:0.05em;\"><span class=\"pstrut\" style=\"height:2.7em;\"></span><span class=\"sizing reset-size6 size3 mtight\"><span class=\"mord mtight\"><span class=\"mord mathit mtight\" style=\"margin-right:0.03148em;\">k</span><span class=\"mord mathit mtight\" style=\"margin-right:0.05724em;\">j</span></span></span></span></span><span class=\"vlist-s\">​</span></span><span class=\"vlist-r\"><span class=\"vlist\" style=\"height:0.286108em;\"></span></span></span></span></span><span class=\"mord\"><span class=\"mord mathit\" style=\"margin-right:0.04398em;\">z</span><span class=\"msupsub\"><span class=\"vlist-t vlist-t2\"><span class=\"vlist-r\"><span class=\"vlist\" style=\"height:0.33610799999999996em;\"><span style=\"top:-2.5500000000000003em;margin-left:-0.04398em;margin-right:0.05em;\"><span class=\"pstrut\" style=\"height:2.7em;\"></span><span class=\"sizing reset-size6 size3 mtight\"><span class=\"mord mathit mtight\" style=\"margin-right:0.03148em;\">k</span></span></span></span><span class=\"vlist-s\">​</span></span><span class=\"vlist-r\"><span class=\"vlist\" style=\"height:0.15em;\"></span></span></span></span></span></span></span></span></span></span></p>\n<p>访问 <a href=\"http://meta.math.stackexchange.com/questions/5020/mathjax-basic-tutorial-and-quick-reference\" target=\"_blank\">MathJax</a> 参考更多使用方法。</p>\n<h3><a id=\"6__140\"></a>6. 加强的代码块</h3>\n<p>支持四十一种编程语言的语法高亮的显示，行号显示。</p>\n<p>非代码示例：</p>\n<pre><code class=\"lang-\">$ sudo apt-get install vim-gnome\n</code></pre>\n<p>Python 示例：</p>\n<pre><div class=\"hljs\"><code class=\"lang-python\"><span class=\"hljs-meta\">@requires_authorization</span>\n<span class=\"hljs-function\"><span class=\"hljs-keyword\">def</span> <span class=\"hljs-title\">somefunc</span><span class=\"hljs-params\">(param1=<span class=\"hljs-string\">\'\'</span>, param2=<span class=\"hljs-number\">0</span>)</span>:</span>\n    <span class=\"hljs-string\">\'\'\'A docstring\'\'\'</span>\n    <span class=\"hljs-keyword\">if</span> param1 &gt; param2: <span class=\"hljs-comment\"># interesting</span>\n        <span class=\"hljs-keyword\">print</span> <span class=\"hljs-string\">\'Greater\'</span>\n    <span class=\"hljs-keyword\">return</span> (param2 - param1 + <span class=\"hljs-number\">1</span>) <span class=\"hljs-keyword\">or</span> <span class=\"hljs-keyword\">None</span>\n\n<span class=\"hljs-class\"><span class=\"hljs-keyword\">class</span> <span class=\"hljs-title\">SomeClass</span>:</span>\n    <span class=\"hljs-keyword\">pass</span>\n\n<span class=\"hljs-meta\">&gt;&gt;&gt; </span>message = <span class=\"hljs-string\">\'\'\'interpreter\n<span class=\"hljs-meta\">... </span>prompt\'\'\'</span>\n</code></div></pre>\n<p>JavaScript 示例：</p>\n<pre><div class=\"hljs\"><code class=\"lang-javascript\"><span class=\"hljs-comment\">/**\n* nth element in the fibonacci series.\n* @param n &gt;= 0\n* @return the nth element, &gt;= 0.\n*/</span>\n<span class=\"hljs-function\"><span class=\"hljs-keyword\">function</span> <span class=\"hljs-title\">fib</span>(<span class=\"hljs-params\">n</span>) </span>{\n  <span class=\"hljs-keyword\">var</span> a = <span class=\"hljs-number\">1</span>, b = <span class=\"hljs-number\">1</span>;\n  <span class=\"hljs-keyword\">var</span> tmp;\n  <span class=\"hljs-keyword\">while</span> (--n &gt;= <span class=\"hljs-number\">0</span>) {\n    tmp = a;\n    a += b;\n    b = tmp;\n  }\n  <span class=\"hljs-keyword\">return</span> a;\n}\n\n<span class=\"hljs-built_in\">document</span>.write(fib(<span class=\"hljs-number\">10</span>));\n</code></div></pre>\n<h3><a id=\"7__189\"></a>7. 流程图</h3>\n<h4><a id=\"_191\"></a>示例</h4>\n<pre><code class=\"lang-flow\">st=&gt;start: Start:&gt;https://www.zybuluo.com\nio=&gt;inputoutput: verification\nop=&gt;operation: Your Operation\ncond=&gt;condition: Yes or No?\nsub=&gt;subroutine: Your Subroutine\ne=&gt;end\n\nst-&gt;io-&gt;op-&gt;cond\ncond(yes)-&gt;e\ncond(no)-&gt;sub-&gt;io\n</code></pre>\n<h4><a id=\"httpadraigithubioflowchartjs_206\"></a>更多语法参考：<a href=\"http://adrai.github.io/flowchart.js/\" target=\"_blank\">流程图语法参考</a></h4>\n<h3><a id=\"8__208\"></a>8. 序列图</h3>\n<h4><a id=\"_1_210\"></a>示例 1</h4>\n<pre><code class=\"lang-seq\">Alice-&gt;Bob: Hello Bob, how are you?\nNote right of Bob: Bob thinks\nBob--&gt;Alice: I am good thanks!\n</code></pre>\n<h4><a id=\"_2_218\"></a>示例 2</h4>\n<pre><code class=\"lang-seq\">Title: Here is a title\nA-&gt;B: Normal line\nB--&gt;C: Dashed line\nC-&gt;&gt;D: Open arrow\nD--&gt;&gt;A: Dashed open arrow\n</code></pre>\n<h4><a id=\"httpbrampgithubiojssequencediagrams_228\"></a>更多语法参考：<a href=\"http://bramp.github.io/js-sequence-diagrams/\" target=\"_blank\">序列图语法参考</a></h4>\n<h3><a id=\"9__230\"></a>9. 甘特图</h3>\n<p>甘特图内在思想简单。基本是一条线条图，横轴表示时间，纵轴表示活动（项目），线条表示在整个期间上计划和实际的活动完成情况。它直观地表明任务计划在什么时候进行，及实际进展与计划要求的对比。</p>\n<pre><code class=\"lang-gantt\">    title 项目开发流程\n    section 项目确定\n        需求分析       :a1, 2016-06-22, 3d\n        可行性报告     :after a1, 5d\n        概念验证       : 5d\n    section 项目实施\n        概要设计      :2016-07-05  , 5d\n        详细设计      :2016-07-08, 10d\n        编码          :2016-07-15, 10d\n        测试          :2016-07-22, 5d\n    section 发布验收\n        发布: 2d\n        验收: 3d\n</code></pre>\n<h4><a id=\"httpsknsvgithubiomermaidgantdiagrams_250\"></a>更多语法参考：<a href=\"https://knsv.github.io/mermaid/#gant-diagrams\" target=\"_blank\">甘特图语法参考</a></h4>\n<h3><a id=\"10_Mermaid__252\"></a>10. Mermaid 流程图</h3>\n<pre><code class=\"lang-graphLR\">    A[Hard edge] --&gt;|Link text| B(Round edge)\n    B --&gt; C{Decision}\n    C --&gt;|One| D[Result one]\n    C --&gt;|Two| E[Result two]\n</code></pre>\n<h4><a id=\"Mermaid_httpsknsvgithubiomermaidflowchartsbasicsyntax_261\"></a>更多语法参考：<a href=\"https://knsv.github.io/mermaid/#flowcharts-basic-syntax\" target=\"_blank\">Mermaid 流程图语法参考</a></h4>\n<h3><a id=\"11_Mermaid__263\"></a>11. Mermaid 序列图</h3>\n<pre><code class=\"lang-sequence\">    Alice-&gt;John: Hello John, how are you?\n    loop every minute\n        John--&gt;Alice: Great!\n    end\n</code></pre>\n<h4><a id=\"Mermaid_httpsknsvgithubiomermaidsequencediagrams_272\"></a>更多语法参考：<a href=\"https://knsv.github.io/mermaid/#sequence-diagrams\" target=\"_blank\">Mermaid 序列图语法参考</a></h4>\n<h3><a id=\"12__274\"></a>12. 表格支持</h3>\n<table>\n<thead>\n<tr>\n<th>项目</th>\n<th style=\"text-align:right\">价格</th>\n<th style=\"text-align:center\">数量</th>\n</tr>\n</thead>\n<tbody>\n<tr>\n<td>计算机</td>\n<td style=\"text-align:right\">$1600</td>\n<td style=\"text-align:center\">5</td>\n</tr>\n<tr>\n<td>手机</td>\n<td style=\"text-align:right\">$12</td>\n<td style=\"text-align:center\">12</td>\n</tr>\n<tr>\n<td>管线</td>\n<td style=\"text-align:right\">$1</td>\n<td style=\"text-align:center\">234</td>\n</tr>\n</tbody>\n</table>\n<h3><a id=\"13__283\"></a>13. 定义型列表</h3>\n<dl>\n<dt>名词 1</dt>\n<dd>\n<p>定义 1（左侧有一个可见的冒号和四个不可见的空格）</p>\n</dd>\n<dt>代码块 2</dt>\n<dd>\n<p>这是代码块的定义（左侧有一个可见的冒号和四个不可见的空格）</p>\n<pre><code>  代码块（左侧有八个不可见的空格）\n</code></pre>\n</dd>\n</dl>\n<h3><a id=\"14_Html__293\"></a>14. Html 标签</h3>\n<p>本站支持在 Markdown 语法中嵌套 Html 标签，譬如，你可以用 Html 写一个纵跨两行的表格：</p>\n<pre><code>&lt;table&gt;\n    &lt;tr&gt;\n        &lt;th rowspan=&quot;2&quot;&gt;值班人员&lt;/th&gt;\n        &lt;th&gt;星期一&lt;/th&gt;\n        &lt;th&gt;星期二&lt;/th&gt;\n        &lt;th&gt;星期三&lt;/th&gt;\n    &lt;/tr&gt;\n    &lt;tr&gt;\n        &lt;td&gt;李强&lt;/td&gt;\n        &lt;td&gt;张明&lt;/td&gt;\n        &lt;td&gt;王平&lt;/td&gt;\n    &lt;/tr&gt;\n&lt;/table&gt;\n</code></pre>\n<table>\n    <tr>\n        <th rowspan=\"2\">值班人员</th>\n        <th>星期一</th>\n        <th>星期二</th>\n        <th>星期三</th>\n    </tr>\n    <tr>\n        <td>李强</td>\n        <td>张明</td>\n        <td>王平</td>\n    </tr>\n</table>\n<h3><a id=\"15__326\"></a>15. 内嵌图标</h3>\n<p>本站的图标系统对外开放，在文档中输入</p>\n<pre><code>&lt;i class=&quot;icon-weibo&quot;&gt;&lt;/i&gt;\n</code></pre>\n<p>即显示微博的图标： <i class=\"icon-weibo icon-2x\"></i></p>\n<p>替换 上述 <code>i 标签</code> 内的 <code>icon-weibo</code> 以显示不同的图标，例如：</p>\n<pre><code>&lt;i class=&quot;icon-renren&quot;&gt;&lt;/i&gt;\n</code></pre>\n<p>即显示人人的图标： <i class=\"icon-renren icon-2x\"></i></p>\n<p>更多的图标和玩法可以参看 <a href=\"http://fortawesome.github.io/Font-Awesome/3.2.1/icons/\" target=\"_blank\">font-awesome</a> 官方网站。</p>\n<h3><a id=\"16__Todo__342\"></a>16. 待办事宜 Todo 列表</h3>\n<p>使用带有 [ ] 或 [x] （未完成或已完成）项的列表语法撰写一个待办事宜列表，并且支持子列表嵌套以及混用Markdown语法，例如：</p>\n<pre><code>- [ ] **Cmd Markdown 开发**\n    - [ ] 改进 Cmd 渲染算法，使用局部渲染技术提高渲染效率\n    - [ ] 支持以 PDF 格式导出文稿\n    - [x] 新增Todo列表功能 [语法参考](https://github.com/blog/1375-task-lists-in-gfm-issues-pulls-comments)\n    - [x] 改进 LaTex 功能\n        - [x] 修复 LaTex 公式渲染问题\n        - [x] 新增 LaTex 公式编号功能 [语法参考](http://docs.mathjax.org/en/latest/tex.html#tex-eq-numbers)\n- [ ] **七月旅行准备**\n    - [ ] 准备邮轮上需要携带的物品\n    - [ ] 浏览日本免税店的物品\n    - [x] 购买蓝宝石公主号七月一日的船票\n</code></pre>\n<p>对应显示如下待办事宜 Todo 列表：</p>\n<ul class=\"contains-task-list\">\n<li class=\"task-list-item\"><input class=\"task-list-item-checkbox\" disabled=\"\" type=\"checkbox\"> <strong>Cmd Markdown 开发</strong>\n<ul class=\"contains-task-list\">\n<li class=\"task-list-item\"><input class=\"task-list-item-checkbox\" disabled=\"\" type=\"checkbox\"> 改进 Cmd 渲染算法，使用局部渲染技术提高渲染效率</li>\n<li class=\"task-list-item\"><input class=\"task-list-item-checkbox\" disabled=\"\" type=\"checkbox\"> 支持以 PDF 格式导出文稿</li>\n<li class=\"task-list-item\"><input class=\"task-list-item-checkbox\" checked=\"\" disabled=\"\" type=\"checkbox\"> 新增Todo列表功能 <a href=\"https://github.com/blog/1375-task-lists-in-gfm-issues-pulls-comments\" target=\"_blank\">语法参考</a></li>\n<li class=\"task-list-item\"><input class=\"task-list-item-checkbox\" checked=\"\" disabled=\"\" type=\"checkbox\"> 改进 LaTex 功能\n<ul class=\"contains-task-list\">\n<li class=\"task-list-item\"><input class=\"task-list-item-checkbox\" checked=\"\" disabled=\"\" type=\"checkbox\"> 修复 LaTex 公式渲染问题</li>\n<li class=\"task-list-item\"><input class=\"task-list-item-checkbox\" checked=\"\" disabled=\"\" type=\"checkbox\"> 新增 LaTex 公式编号功能 <a href=\"http://docs.mathjax.org/en/latest/tex.html#tex-eq-numbers\" target=\"_blank\">语法参考</a></li>\n</ul>\n</li>\n</ul>\n</li>\n<li class=\"task-list-item\"><input class=\"task-list-item-checkbox\" disabled=\"\" type=\"checkbox\"> <strong>七月旅行准备</strong>\n<ul class=\"contains-task-list\">\n<li class=\"task-list-item\"><input class=\"task-list-item-checkbox\" disabled=\"\" type=\"checkbox\"> 准备邮轮上需要携带的物品</li>\n<li class=\"task-list-item\"><input class=\"task-list-item-checkbox\" disabled=\"\" type=\"checkbox\"> 浏览日本免税店的物品</li>\n<li class=\"task-list-item\"><input class=\"task-list-item-checkbox\" checked=\"\" disabled=\"\" type=\"checkbox\"> 购买蓝宝石公主号七月一日的船票</li>\n</ul>\n</li>\n</ul>\n<hr class=\"footnotes-sep\" />\n<section class=\"footnotes\">\n<ol class=\"footnotes-list\">\n<li id=\"fn1\" class=\"footnote-item\"><p>这是一个 <em>注脚</em> 的 <strong>文本</strong>。 <a href=\"#fnref1\" class=\"footnote-backref\">↩︎</a></p>\n</li>\n<li id=\"fn2\" class=\"footnote-item\"><p>这是另一个 <em>注脚</em> 的 <strong>文本</strong>。 <a href=\"#fnref2\" class=\"footnote-backref\">↩︎</a></p>\n</li>\n</ol>\n</section>\n','# Cmd Markdown 简明语法手册\n\n标签： Cmd-Markdown\n\n---\n\n### 1. 斜体和粗体\n\n使用 * 和 ** 表示斜体和粗体。\n\n示例：\n\n这是 *斜体*，这是 **粗体**。\n\n### 2. 分级标题\n\n使用 === 表示一级标题，使用 --- 表示二级标题。\n\n示例：\n\n```\n这是一个一级标题\n============================\n\n这是一个二级标题\n--------------------------------------------------\n\n### 这是一个三级标题\n```\n\n你也可以选择在行首加井号表示不同级别的标题 (H1-H6)，例如：# H1, ## H2, ### H3，#### H4。\n\n### 3. 外链接\n\n使用 \\[描述](链接地址) 为文字增加外链接。\n\n示例：\n\n这是去往 [本人博客](http://ghosertblog.github.com) 的链接。\n\n### 4. 无序列表\n\n使用 *，+，- 表示无序列表。\n\n示例：\n\n- 无序列表项 一\n- 无序列表项 二\n- 无序列表项 三\n\n### 5. 有序列表\n\n使用数字和点表示有序列表。\n\n示例：\n\n1. 有序列表项 一\n2. 有序列表项 二\n3. 有序列表项 三\n\n### 6. 文字引用\n\n使用 > 表示文字引用。\n\n示例：\n\n> 野火烧不尽，春风吹又生。\n\n### 7. 行内代码块\n\n使用 \\`代码` 表示行内代码块。\n\n示例：\n\n让我们聊聊 `html`。\n\n### 8.  代码块\n\n使用 四个缩进空格 表示代码块。\n\n示例：\n\n    这是一个代码块，此行左侧有四个不可见的空格。\n\n### 9.  插入图像\n\n使用 \\!\\[描述](图片链接地址) 插入图像。\n\n示例：\n\n![我的头像](https://www.zybuluo.com/static/img/my_head.jpg)\n\n# Cmd Markdown 高阶语法手册\n\n### 1. 内容目录\n\n在段落中填写 `[TOC]` 以显示全文内容的目录结构。\n\n[TOC]\n\n### 2. 标签分类\n\n在编辑区任意行的列首位置输入以下代码给文稿标签：\n\n标签： 数学 英语 Markdown\n\n或者\n\nTags： 数学 英语 Markdown\n\n### 3. 删除线\n\n使用 ~~ 表示删除线。\n\n~~这是一段错误的文本。~~\n\n### 4. 注脚\n\n使用 [^keyword] 表示注脚。\n\n这是一个注脚[^footnote]的样例。\n\n这是第二个注脚[^footnote2]的样例。\n\n### 5. LaTeX 公式\n\n$ 表示行内公式： \n\n质能守恒方程可以用一个很简洁的方程式 $E=mc^2$ 来表达。\n\n$$ 表示整行公式：\n\n$$\\sum_{i=1}^n a_i=0$$\n\n$$f(x_1,x_x,\\ldots,x_n) = x_1^2 + x_2^2 + \\cdots + x_n^2 $$\n\n$$\\sum^{j-1}_{k=0}{\\widehat{\\gamma}_{kj} z_k}$$\n\n访问 [MathJax](http://meta.math.stackexchange.com/questions/5020/mathjax-basic-tutorial-and-quick-reference) 参考更多使用方法。\n\n### 6. 加强的代码块\n\n支持四十一种编程语言的语法高亮的显示，行号显示。\n\n非代码示例：\n\n```\n$ sudo apt-get install vim-gnome\n```\n\nPython 示例：\n\n```python\n@requires_authorization\ndef somefunc(param1=\'\', param2=0):\n    \'\'\'A docstring\'\'\'\n    if param1 > param2: # interesting\n        print \'Greater\'\n    return (param2 - param1 + 1) or None\n\nclass SomeClass:\n    pass\n\n>>> message = \'\'\'interpreter\n... prompt\'\'\'\n```\n\nJavaScript 示例：\n\n``` javascript\n/**\n* nth element in the fibonacci series.\n* @param n >= 0\n* @return the nth element, >= 0.\n*/\nfunction fib(n) {\n  var a = 1, b = 1;\n  var tmp;\n  while (--n >= 0) {\n    tmp = a;\n    a += b;\n    b = tmp;\n  }\n  return a;\n}\n\ndocument.write(fib(10));\n```\n\n### 7. 流程图\n\n#### 示例\n\n```flow\nst=>start: Start:>https://www.zybuluo.com\nio=>inputoutput: verification\nop=>operation: Your Operation\ncond=>condition: Yes or No?\nsub=>subroutine: Your Subroutine\ne=>end\n\nst->io->op->cond\ncond(yes)->e\ncond(no)->sub->io\n```\n\n#### 更多语法参考：[流程图语法参考](http://adrai.github.io/flowchart.js/)\n\n### 8. 序列图\n\n#### 示例 1\n\n```seq\nAlice->Bob: Hello Bob, how are you?\nNote right of Bob: Bob thinks\nBob-->Alice: I am good thanks!\n```\n\n#### 示例 2\n\n```seq\nTitle: Here is a title\nA->B: Normal line\nB-->C: Dashed line\nC->>D: Open arrow\nD-->>A: Dashed open arrow\n```\n\n#### 更多语法参考：[序列图语法参考](http://bramp.github.io/js-sequence-diagrams/)\n\n### 9. 甘特图\n\n甘特图内在思想简单。基本是一条线条图，横轴表示时间，纵轴表示活动（项目），线条表示在整个期间上计划和实际的活动完成情况。它直观地表明任务计划在什么时候进行，及实际进展与计划要求的对比。\n\n```gantt\n    title 项目开发流程\n    section 项目确定\n        需求分析       :a1, 2016-06-22, 3d\n        可行性报告     :after a1, 5d\n        概念验证       : 5d\n    section 项目实施\n        概要设计      :2016-07-05  , 5d\n        详细设计      :2016-07-08, 10d\n        编码          :2016-07-15, 10d\n        测试          :2016-07-22, 5d\n    section 发布验收\n        发布: 2d\n        验收: 3d\n```\n\n#### 更多语法参考：[甘特图语法参考](https://knsv.github.io/mermaid/#gant-diagrams)\n\n### 10. Mermaid 流程图\n\n```graphLR\n    A[Hard edge] -->|Link text| B(Round edge)\n    B --> C{Decision}\n    C -->|One| D[Result one]\n    C -->|Two| E[Result two]\n```\n\n#### 更多语法参考：[Mermaid 流程图语法参考](https://knsv.github.io/mermaid/#flowcharts-basic-syntax)\n\n### 11. Mermaid 序列图\n\n```sequence\n    Alice->John: Hello John, how are you?\n    loop every minute\n        John-->Alice: Great!\n    end\n```\n\n#### 更多语法参考：[Mermaid 序列图语法参考](https://knsv.github.io/mermaid/#sequence-diagrams)\n\n### 12. 表格支持\n\n| 项目        | 价格   |  数量  |\n| --------   | -----:  | :----:  |\n| 计算机     | \\$1600 |   5     |\n| 手机        |   \\$12   |   12   |\n| 管线        |    \\$1    |  234  |\n\n\n### 13. 定义型列表\n\n名词 1\n:   定义 1（左侧有一个可见的冒号和四个不可见的空格）\n\n代码块 2\n:   这是代码块的定义（左侧有一个可见的冒号和四个不可见的空格）\n\n        代码块（左侧有八个不可见的空格）\n\n### 14. Html 标签\n\n本站支持在 Markdown 语法中嵌套 Html 标签，譬如，你可以用 Html 写一个纵跨两行的表格：\n\n    <table>\n        <tr>\n            <th rowspan=\"2\">值班人员</th>\n            <th>星期一</th>\n            <th>星期二</th>\n            <th>星期三</th>\n        </tr>\n        <tr>\n            <td>李强</td>\n            <td>张明</td>\n            <td>王平</td>\n        </tr>\n    </table>\n\n\n<table>\n    <tr>\n        <th rowspan=\"2\">值班人员</th>\n        <th>星期一</th>\n        <th>星期二</th>\n        <th>星期三</th>\n    </tr>\n    <tr>\n        <td>李强</td>\n        <td>张明</td>\n        <td>王平</td>\n    </tr>\n</table>\n\n### 15. 内嵌图标\n\n本站的图标系统对外开放，在文档中输入\n\n    <i class=\"icon-weibo\"></i>\n\n即显示微博的图标： <i class=\"icon-weibo icon-2x\"></i>\n\n替换 上述 `i 标签` 内的 `icon-weibo` 以显示不同的图标，例如：\n\n    <i class=\"icon-renren\"></i>\n\n即显示人人的图标： <i class=\"icon-renren icon-2x\"></i>\n\n更多的图标和玩法可以参看 [font-awesome](http://fortawesome.github.io/Font-Awesome/3.2.1/icons/) 官方网站。\n\n### 16. 待办事宜 Todo 列表\n\n使用带有 [ ] 或 [x] （未完成或已完成）项的列表语法撰写一个待办事宜列表，并且支持子列表嵌套以及混用Markdown语法，例如：\n\n    - [ ] **Cmd Markdown 开发**\n        - [ ] 改进 Cmd 渲染算法，使用局部渲染技术提高渲染效率\n        - [ ] 支持以 PDF 格式导出文稿\n        - [x] 新增Todo列表功能 [语法参考](https://github.com/blog/1375-task-lists-in-gfm-issues-pulls-comments)\n        - [x] 改进 LaTex 功能\n            - [x] 修复 LaTex 公式渲染问题\n            - [x] 新增 LaTex 公式编号功能 [语法参考](http://docs.mathjax.org/en/latest/tex.html#tex-eq-numbers)\n    - [ ] **七月旅行准备**\n        - [ ] 准备邮轮上需要携带的物品\n        - [ ] 浏览日本免税店的物品\n        - [x] 购买蓝宝石公主号七月一日的船票\n        \n对应显示如下待办事宜 Todo 列表：\n        \n- [ ] **Cmd Markdown 开发**\n    - [ ] 改进 Cmd 渲染算法，使用局部渲染技术提高渲染效率\n    - [ ] 支持以 PDF 格式导出文稿\n    - [x] 新增Todo列表功能 [语法参考](https://github.com/blog/1375-task-lists-in-gfm-issues-pulls-comments)\n    - [x] 改进 LaTex 功能\n        - [x] 修复 LaTex 公式渲染问题\n        - [x] 新增 LaTex 公式编号功能 [语法参考](http://docs.mathjax.org/en/latest/tex.html#tex-eq-numbers)\n- [ ] **七月旅行准备**\n    - [ ] 准备邮轮上需要携带的物品\n    - [ ] 浏览日本免税店的物品\n    - [x] 购买蓝宝石公主号七月一日的船票\n        \n        \n[^footnote]: 这是一个 *注脚* 的 **文本**。\n\n[^footnote2]: 这是另一个 *注脚* 的 **文本**。\n\n','测试文本'),(27,'<h1><a id=\"_httpmasantucom_0\"></a><a href=\"http://masantu.com\" target=\"_blank\">欢迎访问 <code>别院牧志</code></a></h1>\n<p><strong>NOTE:</strong> This is Simplelified  Chinese Edition Document of Markdown Syntax. If you are seeking for English Edition Document. Please refer to <a href=\"http://daringfireball.net/projects/markdown/syntax\" target=\"_blank\">Markdown: Syntax</a>.</p>\n<p><strong>声明：</strong> 这份文档派生(fork)于<a href=\"http://markdown.tw/\" target=\"_blank\">繁体中文版</a>，在此基础上进行了繁体转简体工作，并进行了适当的润色。此文档用 Markdown 语法编写，你可以到这里<a href=\"http://gitcafe.com/riku/Markdown-Syntax-CN/blob/master/syntax.md\" target=\"_blank\">查看它的源文件</a>。「繁体中文版的原始文件可以<a href=\"https://github.com/othree/markdown-syntax-zhtw/blob/master/syntax.md\" target=\"_blank\">查看这里</a> 。」–By @<a href=\"http://twitter.com/riku\" target=\"_blank\">riku</a></p>\n<p><strong>注：</strong> 本项目托管于 <a href=\"https://github.com/riku/Markdown-Syntax-CN\" target=\"_blank\">GitHub</a>上，请通过&quot;派生&quot;和&quot;合并请求&quot;来帮忙改进本项目。</p>\n<h1><a id=\"Markdown____basichtml_17\"></a>Markdown 语法说明 (简体中文版) / (<a href=\"./basic.html\" target=\"_blank\">点击查看快速入门</a>)</h1>\n<ul>\n<li><a href=\"#overview\">概述</a>\n<ul>\n<li><a href=\"#philosophy\">宗旨</a></li>\n<li><a href=\"#html\">兼容 HTML</a></li>\n<li><a href=\"#autoescape\">特殊字符自动转换</a></li>\n</ul>\n</li>\n<li><a href=\"#block\">区块元素</a>\n<ul>\n<li><a href=\"#p\">段落和换行</a></li>\n<li><a href=\"#header\">标题</a></li>\n<li><a href=\"#blockquote\">区块引用</a></li>\n<li><a href=\"#list\">列表</a></li>\n<li><a href=\"#precode\">代码区块</a></li>\n<li><a href=\"#hr\">分隔线</a></li>\n</ul>\n</li>\n<li><a href=\"#span\">区段元素</a>\n<ul>\n<li><a href=\"#link\">链接</a></li>\n<li><a href=\"#em\">强调</a></li>\n<li><a href=\"#code\">代码</a></li>\n<li><a href=\"#img\">图片</a></li>\n</ul>\n</li>\n<li><a href=\"#misc\">其它</a>\n<ul>\n<li><a href=\"#backslash\">反斜杠</a></li>\n<li><a href=\"#autolink\">自动链接</a></li>\n</ul>\n</li>\n<li><a href=\"#acknowledgement\">感谢</a></li>\n<li><a href=\"#editor\">Markdown 免费编辑器</a></li>\n</ul>\n<hr />\n<h2 id=\"overview\">概述</h2>\n<h3 id=\"philosophy\">宗旨</h3>\n<p>Markdown 的目标是实现「易读易写」。</p>\n<p>可读性，无论如何，都是最重要的。一份使用 Markdown 格式撰写的文件应该可以直接以纯文本发布，并且看起来不会像是由许多标签或是格式指令所构成。Markdown 语法受到一些既有 text-to-HTML 格式的影响，包括 [Setext] <a href=\"http://docutils.sourceforge.net/mirror/setext.html\" target=\"_blank\">1</a>、[atx] <a href=\"http://www.aaronsw.com/2002/atx/\" target=\"_blank\">2</a>、[Textile] <a href=\"http://textism.com/tools/textile/\" target=\"_blank\">3</a>、[reStructuredText] <a href=\"http://docutils.sourceforge.net/rst.html\" target=\"_blank\">4</a>、[Grutatext] <a href=\"http://www.triptico.com/software/grutatxt.html\" target=\"_blank\">5</a> 和 [EtText] <a href=\"http://ettext.taint.org/doc/\" target=\"_blank\">6</a>，而最大灵感来源其实是纯文本电子邮件的格式。</p>\n<p>总之， Markdown 的语法全由一些符号所组成，这些符号经过精挑细选，其作用一目了然。比如：在文字两旁加上星号，看起来就像*强调*。Markdown 的列表看起来，嗯，就是列表。Markdown 的区块引用看起来就真的像是引用一段文字，就像你曾在电子邮件中见过的那样。</p>\n<h3 id=\"html\">兼容 HTML</h3>\n<p>Markdown 语法的目标是：成为一种适用于网络的<em>书写</em>语言。</p>\n<p>Markdown 不是想要取代 HTML，甚至也没有要和它相近，它的语法种类很少，只对应 HTML 标记的一小部分。Markdown 的构想<em>不是</em>要使得 HTML 文档更容易书写。在我看来， HTML 已经很容易写了。Markdown 的理念是，能让文档更容易读、写和随意改。HTML 是一种<em>发布</em>的格式，Markdown 是一种<em>书写</em>的格式。就这样，Markdown 的格式语法只涵盖纯文本可以涵盖的范围。</p>\n<p>不在 Markdown 涵盖范围之内的标签，都可以直接在文档里面用 HTML 撰写。不需要额外标注这是 HTML 或是 Markdown；只要直接加标签就可以了。</p>\n<p>要制约的只有一些 HTML 区块元素――比如 <code>&lt;div&gt;</code>、<code>&lt;table&gt;</code>、<code>&lt;pre&gt;</code>、<code>&lt;p&gt;</code> 等标签，必须在前后加上空行与其它内容区隔开，还要求它们的开始标签与结尾标签不能用制表符或空格来缩进。Markdown 的生成器有足够智能，不会在 HTML 区块标签外加上不必要的 <code>&lt;p&gt;</code> 标签。</p>\n<p>例子如下，在 Markdown 文件里加上一段 HTML 表格：</p>\n<pre><code>这是一个普通段落。\n\n&lt;table&gt;\n    &lt;tr&gt;\n        &lt;td&gt;Foo&lt;/td&gt;\n    &lt;/tr&gt;\n&lt;/table&gt;\n\n这是另一个普通段落。\n</code></pre>\n<p>请注意，在 HTML 区块标签间的 Markdown 格式语法将不会被处理。比如，你在 HTML 区块内使用 Markdown 样式的<code>*强调*</code>会没有效果。</p>\n<p>HTML 的区段（行内）标签如 <code>&lt;span&gt;</code>、<code>&lt;cite&gt;</code>、<code>&lt;del&gt;</code> 可以在 Markdown 的段落、列表或是标题里随意使用。依照个人习惯，甚至可以不用 Markdown 格式，而直接采用 HTML 标签来格式化。举例说明：如果比较喜欢 HTML 的 <code>&lt;a&gt;</code> 或 <code>&lt;img&gt;</code> 标签，可以直接使用这些标签，而不用 Markdown 提供的链接或是图像标签语法。</p>\n<p>和处在 HTML 区块标签间不同，Markdown 语法在 HTML 区段标签间是有效的。</p>\n<h3 id=\"autoescape\">特殊字符自动转换</h3>\n<p>在 HTML 文件中，有两个字符需要特殊处理： <code>&lt;</code> 和 <code>&amp;</code> 。 <code>&lt;</code> 符号用于起始标签，<code>&amp;</code> 符号则用于标记 HTML 实体，如果你只是想要显示这些字符的原型，你必须要使用实体的形式，像是 <code>&amp;lt;</code> 和 <code>&amp;amp;</code>。</p>\n<p><code>&amp;</code> 字符尤其让网络文档编写者受折磨，如果你要打「<code>AT&amp;T</code>」 ，你必须要写成「<code>AT&amp;amp;T</code>」。而网址中的 <code>&amp;</code> 字符也要转换。比如你要链接到：</p>\n<pre><code>http://images.google.com/images?num=30&amp;q=larry+bird\n</code></pre>\n<p>你必须要把网址转换写为：</p>\n<pre><code>http://images.google.com/images?num=30&amp;amp;q=larry+bird\n</code></pre>\n<p>才能放到链接标签的 <code>href</code> 属性里。不用说也知道这很容易忽略，这也可能是 HTML 标准检验所检查到的错误中，数量最多的。</p>\n<p>Markdown 让你可以自然地书写字符，需要转换的由它来处理好了。如果你使用的 <code>&amp;</code> 字符是 HTML 字符实体的一部分，它会保留原状，否则它会被转换成 <code>&amp;amp</code>;。</p>\n<p>所以你如果要在文档中插入一个版权符号 <code>©</code>，你可以这样写：</p>\n<pre><code>&amp;copy;\n</code></pre>\n<p>Markdown 会保留它不动。而若你写：</p>\n<pre><code>AT&amp;T\n</code></pre>\n<p>Markdown 就会将它转为：</p>\n<pre><code>AT&amp;amp;T\n</code></pre>\n<p>类似的状况也会发生在 <code>&lt;</code> 符号上，因为 Markdown 允许 <a href=\"#html\">兼容 HTML</a> ，如果你是把 <code>&lt;</code> 符号作为 HTML 标签的定界符使用，那 Markdown 也不会对它做任何转换，但是如果你写：</p>\n<pre><code>4 &lt; 5\n</code></pre>\n<p>Markdown 将会把它转换为：</p>\n<pre><code>4 &amp;lt; 5\n</code></pre>\n<p>不过需要注意的是，code 范围内，不论是行内还是区块， <code>&lt;</code> 和 <code>&amp;</code> 两个符号都<em>一定</em>会被转换成 HTML 实体，这项特性让你可以很容易地用 Markdown 写 HTML code （和 HTML 相对而言， HTML 语法中，你要把所有的 <code>&lt;</code> 和 <code>&amp;</code> 都转换为 HTML 实体，才能在 HTML 文件里面写出 HTML code。）</p>\n<hr />\n<h2 id=\"block\">区块元素</h2>\n<h3 id=\"p\">段落和换行</h3>\n<p>一个 Markdown 段落是由一个或多个连续的文本行组成，它的前后要有一个以上的空行（空行的定义是显示上看起来像是空的，便会被视为空行。比方说，若某一行只包含空格和制表符，则该行也会被视为空行）。普通段落不该用空格或制表符来缩进。</p>\n<p>「由一个或多个连续的文本行组成」这句话其实暗示了 Markdown 允许段落内的强迫换行（插入换行符），这个特性和其他大部分的 text-to-HTML 格式不一样（包括 Movable Type 的「Convert Line Breaks」选项），其它的格式会把每个换行符都转成 <code>&lt;br /&gt;</code> 标签。</p>\n<p>如果你<em>确实</em>想要依赖 Markdown 来插入 <code>&lt;br /&gt;</code> 标签的话，在插入处先按入两个以上的空格然后回车。</p>\n<p>的确，需要多费点事（多加空格）来产生 <code>&lt;br /&gt;</code> ，但是简单地「每个换行都转换为 <code>&lt;br /&gt;</code>」的方法在 Markdown 中并不适合， Markdown 中 email 式的 <a href=\"#blockquote\">区块引用</a> 和多段落的 <a href=\"#list\">列表</a> 在使用换行来排版的时候，不但更好用，还更方便阅读。</p>\n<h3 id=\"header\">标题</h3>\n<p>Markdown 支持两种标题的语法，类 [Setext] <a href=\"http://docutils.sourceforge.net/mirror/setext.html\" target=\"_blank\">1</a> 和类 [atx] <a href=\"http://www.aaronsw.com/2002/atx/\" target=\"_blank\">2</a> 形式。</p>\n<p>类 Setext 形式是用底线的形式，利用 <code>=</code> （最高阶标题）和 <code>-</code> （第二阶标题），例如：</p>\n<pre><code>This is an H1\n=============\n\nThis is an H2\n-------------\n</code></pre>\n<p>任何数量的 <code>=</code> 和 <code>-</code> 都可以有效果。</p>\n<p>类 Atx 形式则是在行首插入 1 到 6 个 <code>#</code> ，对应到标题 1 到 6 阶，例如：</p>\n<pre><code># 这是 H1\n\n## 这是 H2\n\n###### 这是 H6\n</code></pre>\n<p>你可以选择性地「闭合」类 atx 样式的标题，这纯粹只是美观用的，若是觉得这样看起来比较舒适，你就可以在行尾加上 <code>#</code>，而行尾的 <code>#</code> 数量也不用和开头一样（行首的井字符数量决定标题的阶数）：</p>\n<pre><code># 这是 H1 #\n\n## 这是 H2 ##\n\n### 这是 H3 ######\n</code></pre>\n<h3 id=\"blockquote\">区块引用 Blockquotes</h3>\n<p>Markdown 标记区块引用是使用类似 email 中用 <code>&gt;</code> 的引用方式。如果你还熟悉在 email 信件中的引言部分，你就知道怎么在 Markdown 文件中建立一个区块引用，那会看起来像是你自己先断好行，然后在每行的最前面加上 <code>&gt;</code> ：</p>\n<pre><code>&gt; This is a blockquote with two paragraphs. Lorem ipsum dolor sit amet,\n&gt; consectetuer adipiscing elit. Aliquam hendrerit mi posuere lectus.\n&gt; Vestibulum enim wisi, viverra nec, fringilla in, laoreet vitae, risus.\n&gt; \n&gt; Donec sit amet nisl. Aliquam semper ipsum sit amet velit. Suspendisse\n&gt; id sem consectetuer libero luctus adipiscing.\n</code></pre>\n<p>Markdown 也允许你偷懒只在整个段落的第一行最前面加上 <code>&gt;</code> ：</p>\n<pre><code>&gt; This is a blockquote with two paragraphs. Lorem ipsum dolor sit amet,\nconsectetuer adipiscing elit. Aliquam hendrerit mi posuere lectus.\nVestibulum enim wisi, viverra nec, fringilla in, laoreet vitae, risus.\n\n&gt; Donec sit amet nisl. Aliquam semper ipsum sit amet velit. Suspendisse\nid sem consectetuer libero luctus adipiscing.\n</code></pre>\n<p>区块引用可以嵌套（例如：引用内的引用），只要根据层次加上不同数量的 <code>&gt;</code> ：</p>\n<pre><code>&gt; This is the first level of quoting.\n&gt;\n&gt; &gt; This is nested blockquote.\n&gt;\n&gt; Back to the first level.\n</code></pre>\n<p>引用的区块内也可以使用其他的 Markdown 语法，包括标题、列表、代码区块等：</p>\n<pre><code>&gt; ## 这是一个标题。\n&gt; \n&gt; 1.   这是第一行列表项。\n&gt; 2.   这是第二行列表项。\n&gt; \n&gt; 给出一些例子代码：\n&gt; \n&gt;     return shell_exec(&quot;echo $input | $markdown_script&quot;);\n</code></pre>\n<p>任何像样的文本编辑器都能轻松地建立 email 型的引用。例如在 BBEdit 中，你可以选取文字后然后从选单中选择<em>增加引用阶层</em>。</p>\n<h3 id=\"list\">列表</h3>\n<p>Markdown 支持有序列表和无序列表。</p>\n<p>无序列表使用星号、加号或是减号作为列表标记：</p>\n<pre><code>*   Red\n*   Green\n*   Blue\n</code></pre>\n<p>等同于：</p>\n<pre><code>+   Red\n+   Green\n+   Blue\n</code></pre>\n<p>也等同于：</p>\n<pre><code>-   Red\n-   Green\n-   Blue\n</code></pre>\n<p>有序列表则使用数字接着一个英文句点：</p>\n<pre><code>1.  Bird\n2.  McHale\n3.  Parish\n</code></pre>\n<p>很重要的一点是，你在列表标记上使用的数字并不会影响输出的 HTML 结果，上面的列表所产生的 HTML 标记为：</p>\n<pre><code>&lt;ol&gt;\n&lt;li&gt;Bird&lt;/li&gt;\n&lt;li&gt;McHale&lt;/li&gt;\n&lt;li&gt;Parish&lt;/li&gt;\n&lt;/ol&gt;\n</code></pre>\n<p>如果你的列表标记写成：</p>\n<pre><code>1.  Bird\n1.  McHale\n1.  Parish\n</code></pre>\n<p>或甚至是：</p>\n<pre><code>3. Bird\n1. McHale\n8. Parish\n</code></pre>\n<p>你都会得到完全相同的 HTML 输出。重点在于，你可以让 Markdown 文件的列表数字和输出的结果相同，或是你懒一点，你可以完全不用在意数字的正确性。</p>\n<p>如果你使用懒惰的写法，建议第一个项目最好还是从 1. 开始，因为 Markdown 未来可能会支持有序列表的 start 属性。</p>\n<p>列表项目标记通常是放在最左边，但是其实也可以缩进，最多 3 个空格，项目标记后面则一定要接着至少一个空格或制表符。</p>\n<p>要让列表看起来更漂亮，你可以把内容用固定的缩进整理好：</p>\n<pre><code>*   Lorem ipsum dolor sit amet, consectetuer adipiscing elit.\n    Aliquam hendrerit mi posuere lectus. Vestibulum enim wisi,\n    viverra nec, fringilla in, laoreet vitae, risus.\n*   Donec sit amet nisl. Aliquam semper ipsum sit amet velit.\n    Suspendisse id sem consectetuer libero luctus adipiscing.\n</code></pre>\n<p>但是如果你懒，那也行：</p>\n<pre><code>*   Lorem ipsum dolor sit amet, consectetuer adipiscing elit.\nAliquam hendrerit mi posuere lectus. Vestibulum enim wisi,\nviverra nec, fringilla in, laoreet vitae, risus.\n*   Donec sit amet nisl. Aliquam semper ipsum sit amet velit.\nSuspendisse id sem consectetuer libero luctus adipiscing.\n</code></pre>\n<p>如果列表项目间用空行分开，在输出 HTML 时 Markdown 就会将项目内容用 <code>&lt;p&gt;</code><br />\n标签包起来，举例来说：</p>\n<pre><code>*   Bird\n*   Magic\n</code></pre>\n<p>会被转换为：</p>\n<pre><code>&lt;ul&gt;\n&lt;li&gt;Bird&lt;/li&gt;\n&lt;li&gt;Magic&lt;/li&gt;\n&lt;/ul&gt;\n</code></pre>\n<p>但是这个：</p>\n<pre><code>*   Bird\n\n*   Magic\n</code></pre>\n<p>会被转换为：</p>\n<pre><code>&lt;ul&gt;\n&lt;li&gt;&lt;p&gt;Bird&lt;/p&gt;&lt;/li&gt;\n&lt;li&gt;&lt;p&gt;Magic&lt;/p&gt;&lt;/li&gt;\n&lt;/ul&gt;\n</code></pre>\n<p>列表项目可以包含多个段落，每个项目下的段落都必须缩进 4 个空格或是 1 个制表符：</p>\n<pre><code>1.  This is a list item with two paragraphs. Lorem ipsum dolor\n    sit amet, consectetuer adipiscing elit. Aliquam hendrerit\n    mi posuere lectus.\n\n    Vestibulum enim wisi, viverra nec, fringilla in, laoreet\n    vitae, risus. Donec sit amet nisl. Aliquam semper ipsum\n    sit amet velit.\n\n2.  Suspendisse id sem consectetuer libero luctus adipiscing.\n</code></pre>\n<p>如果你每行都有缩进，看起来会看好很多，当然，再次地，如果你很懒惰，Markdown 也允许：</p>\n<pre><code>*   This is a list item with two paragraphs.\n\n    This is the second paragraph in the list item. You\'re\nonly required to indent the first line. Lorem ipsum dolor\nsit amet, consectetuer adipiscing elit.\n\n*   Another item in the same list.\n</code></pre>\n<p>如果要在列表项目内放进引用，那 <code>&gt;</code> 就需要缩进：</p>\n<pre><code>*   A list item with a blockquote:\n\n    &gt; This is a blockquote\n    &gt; inside a list item.\n</code></pre>\n<p>如果要放代码区块的话，该区块就需要缩进<em>两次</em>，也就是 8 个空格或是 2 个制表符：</p>\n<pre><code>*   一列表项包含一个列表区块：\n\n        &lt;代码写在这&gt;\n</code></pre>\n<p>当然，项目列表很可能会不小心产生，像是下面这样的写法：</p>\n<pre><code>1986. What a great season.\n</code></pre>\n<p>换句话说，也就是在行首出现<em>数字-句点-空白</em>，要避免这样的状况，你可以在句点前面加上反斜杠。</p>\n<pre><code>1986\\. What a great season.\n</code></pre>\n<h3 id=\"precode\">代码区块</h3>\n<p>和程序相关的写作或是标签语言原始码通常会有已经排版好的代码区块，通常这些区块我们并不希望它以一般段落文件的方式去排版，而是照原来的样子显示，Markdown 会用 <code>&lt;pre&gt;</code> 和 <code>&lt;code&gt;</code> 标签来把代码区块包起来。</p>\n<p>要在 Markdown 中建立代码区块很简单，只要简单地缩进 4 个空格或是 1 个制表符就可以，例如，下面的输入：</p>\n<pre><code>这是一个普通段落：\n\n    这是一个代码区块。\n</code></pre>\n<p>Markdown 会转换成：</p>\n<pre><code>&lt;p&gt;这是一个普通段落：&lt;/p&gt;\n\n&lt;pre&gt;&lt;code&gt;这是一个代码区块。\n&lt;/code&gt;&lt;/pre&gt;\n</code></pre>\n<p>这个每行一阶的缩进（4 个空格或是 1 个制表符），都会被移除，例如：</p>\n<pre><code>Here is an example of AppleScript:\n\n    tell application &quot;Foo&quot;\n        beep\n    end tell\n</code></pre>\n<p>会被转换为：</p>\n<pre><code>&lt;p&gt;Here is an example of AppleScript:&lt;/p&gt;\n\n&lt;pre&gt;&lt;code&gt;tell application &quot;Foo&quot;\n    beep\nend tell\n&lt;/code&gt;&lt;/pre&gt;\n</code></pre>\n<p>一个代码区块会一直持续到没有缩进的那一行（或是文件结尾）。</p>\n<p>在代码区块里面， <code>&amp;</code> 、 <code>&lt;</code> 和 <code>&gt;</code> 会自动转成 HTML 实体，这样的方式让你非常容易使用 Markdown 插入范例用的 HTML 原始码，只需要复制贴上，再加上缩进就可以了，剩下的 Markdown 都会帮你处理，例如：</p>\n<pre><code>    &lt;div class=&quot;footer&quot;&gt;\n        &amp;copy; 2004 Foo Corporation\n    &lt;/div&gt;\n</code></pre>\n<p>会被转换为：</p>\n<pre><code>&lt;pre&gt;&lt;code&gt;&amp;lt;div class=&quot;footer&quot;&amp;gt;\n    &amp;amp;copy; 2004 Foo Corporation\n&amp;lt;/div&amp;gt;\n&lt;/code&gt;&lt;/pre&gt;\n</code></pre>\n<p>代码区块中，一般的 Markdown 语法不会被转换，像是星号便只是星号，这表示你可以很容易地以 Markdown 语法撰写 Markdown 语法相关的文件。</p>\n<h3 id=\"hr\">分隔线</h3>\n<p>你可以在一行中用三个以上的星号、减号、底线来建立一个分隔线，行内不能有其他东西。你也可以在星号或是减号中间插入空格。下面每种写法都可以建立分隔线：</p>\n<pre><code>* * *\n\n***\n\n*****\n\n- - -\n\n---------------------------------------\n</code></pre>\n<hr />\n<h2 id=\"span\">区段元素</h2>\n<h3 id=\"link\">链接</h3>\n<p>Markdown 支持两种形式的链接语法： <em>行内式</em>和<em>参考式</em>两种形式。</p>\n<p>不管是哪一种，链接文字都是用 [方括号] 来标记。</p>\n<p>要建立一个<em>行内式</em>的链接，只要在方块括号后面紧接着圆括号并插入网址链接即可，如果你还想要加上链接的 title 文字，只要在网址后面，用双引号把 title 文字包起来即可，例如：</p>\n<pre><code>This is [an example](http://example.com/ &quot;Title&quot;) inline link.\n\n[This link](http://example.net/) has no title attribute.\n</code></pre>\n<p>会产生：</p>\n<pre><code>&lt;p&gt;This is &lt;a href=&quot;http://example.com/&quot; title=&quot;Title&quot;&gt;\nan example&lt;/a&gt; inline link.&lt;/p&gt;\n\n&lt;p&gt;&lt;a href=&quot;http://example.net/&quot;&gt;This link&lt;/a&gt; has no\ntitle attribute.&lt;/p&gt;\n</code></pre>\n<p>如果你是要链接到同样主机的资源，你可以使用相对路径：</p>\n<pre><code>See my [About](/about/) page for details.   \n</code></pre>\n<p><em>参考式</em>的链接是在链接文字的括号后面再接上另一个方括号，而在第二个方括号里面要填入用以辨识链接的标记：</p>\n<pre><code>This is [an example][id] reference-style link.\n</code></pre>\n<p>你也可以选择性地在两个方括号中间加上一个空格：</p>\n<pre><code>This is [an example] [id] reference-style link.\n</code></pre>\n<p>接着，在文件的任意处，你可以把这个标记的链接内容定义出来：</p>\n<pre><code>[id]: http://example.com/  &quot;Optional Title Here&quot;\n</code></pre>\n<p>链接内容定义的形式为：</p>\n<ul>\n<li>方括号（前面可以选择性地加上至多三个空格来缩进），里面输入链接文字</li>\n<li>接着一个冒号</li>\n<li>接着一个以上的空格或制表符</li>\n<li>接着链接的网址</li>\n<li>选择性地接着 title 内容，可以用单引号、双引号或是括弧包着</li>\n</ul>\n<p>下面这三种链接的定义都是相同：</p>\n<pre><code>[foo]: http://example.com/  &quot;Optional Title Here&quot;\n[foo]: http://example.com/  \'Optional Title Here\'\n[foo]: http://example.com/  (Optional Title Here)\n</code></pre>\n<p>**请注意：**有一个已知的问题是 Markdown.pl 1.0.1 会忽略单引号包起来的链接 title。</p>\n<p>链接网址也可以用尖括号包起来：</p>\n<pre><code>[id]: &lt;http://example.com/&gt;  &quot;Optional Title Here&quot;\n</code></pre>\n<p>你也可以把 title 属性放到下一行，也可以加一些缩进，若网址太长的话，这样会比较好看：</p>\n<pre><code>[id]: http://example.com/longish/path/to/resource/here\n    &quot;Optional Title Here&quot;\n</code></pre>\n<p>网址定义只有在产生链接的时候用到，并不会直接出现在文件之中。</p>\n<p>链接辨别标签可以有字母、数字、空白和标点符号，但是并<em>不</em>区分大小写，因此下面两个链接是一样的：</p>\n<pre><code>[link text][a]\n[link text][A]\n</code></pre>\n<p><em>隐式链接标记</em>功能让你可以省略指定链接标记，这种情形下，链接标记会视为等同于链接文字，要用隐式链接标记只要在链接文字后面加上一个空的方括号，如果你要让 “Google” 链接到 google.com，你可以简化成：</p>\n<pre><code>[Google][]\n</code></pre>\n<p>然后定义链接内容：</p>\n<pre><code>[Google]: http://google.com/\n</code></pre>\n<p>由于链接文字可能包含空白，所以这种简化型的标记内也许包含多个单词：</p>\n<pre><code>Visit [Daring Fireball][] for more information.\n</code></pre>\n<p>然后接着定义链接：</p>\n<pre><code>[Daring Fireball]: http://daringfireball.net/\n</code></pre>\n<p>链接的定义可以放在文件中的任何一个地方，我比较偏好直接放在链接出现段落的后面，你也可以把它放在文件最后面，就像是注解一样。</p>\n<p>下面是一个参考式链接的范例：</p>\n<pre><code>I get 10 times more traffic from [Google] [1] than from\n[Yahoo] [2] or [MSN] [3].\n\n  [1]: http://google.com/        &quot;Google&quot;\n  [2]: http://search.yahoo.com/  &quot;Yahoo Search&quot;\n  [3]: http://search.msn.com/    &quot;MSN Search&quot;\n</code></pre>\n<p>如果改成用链接名称的方式写：</p>\n<pre><code>I get 10 times more traffic from [Google][] than from\n[Yahoo][] or [MSN][].\n\n  [google]: http://google.com/        &quot;Google&quot;\n  [yahoo]:  http://search.yahoo.com/  &quot;Yahoo Search&quot;\n  [msn]:    http://search.msn.com/    &quot;MSN Search&quot;\n</code></pre>\n<p>上面两种写法都会产生下面的 HTML。</p>\n<pre><code>&lt;p&gt;I get 10 times more traffic from &lt;a href=&quot;http://google.com/&quot;\ntitle=&quot;Google&quot;&gt;Google&lt;/a&gt; than from\n&lt;a href=&quot;http://search.yahoo.com/&quot; title=&quot;Yahoo Search&quot;&gt;Yahoo&lt;/a&gt;\nor &lt;a href=&quot;http://search.msn.com/&quot; title=&quot;MSN Search&quot;&gt;MSN&lt;/a&gt;.&lt;/p&gt;\n</code></pre>\n<p>下面是用行内式写的同样一段内容的 Markdown 文件，提供作为比较之用：</p>\n<pre><code>I get 10 times more traffic from [Google](http://google.com/ &quot;Google&quot;)\nthan from [Yahoo](http://search.yahoo.com/ &quot;Yahoo Search&quot;) or\n[MSN](http://search.msn.com/ &quot;MSN Search&quot;).\n</code></pre>\n<p>参考式的链接其实重点不在于它比较好写，而是它比较好读，比较一下上面的范例，使用参考式的文章本身只有 81 个字符，但是用行内形式的却会增加到 176 个字元，如果是用纯 HTML 格式来写，会有 234 个字元，在 HTML 格式中，标签比文本还要多。</p>\n<p>使用 Markdown 的参考式链接，可以让文件更像是浏览器最后产生的结果，让你可以把一些标记相关的元数据移到段落文字之外，你就可以增加链接而不让文章的阅读感觉被打断。</p>\n<h3 id=\"em\">强调</h3>\n<p>Markdown 使用星号（<code>*</code>）和底线（<code>_</code>）作为标记强调字词的符号，被 <code>*</code> 或 <code>_</code> 包围的字词会被转成用 <code>&lt;em&gt;</code> 标签包围，用两个 <code>*</code> 或 <code>_</code> 包起来的话，则会被转成 <code>&lt;strong&gt;</code>，例如：</p>\n<pre><code>*single asterisks*\n\n_single underscores_\n\n**double asterisks**\n\n__double underscores__\n</code></pre>\n<p>会转成：</p>\n<pre><code>&lt;em&gt;single asterisks&lt;/em&gt;\n\n&lt;em&gt;single underscores&lt;/em&gt;\n\n&lt;strong&gt;double asterisks&lt;/strong&gt;\n\n&lt;strong&gt;double underscores&lt;/strong&gt;\n</code></pre>\n<p>你可以随便用你喜欢的样式，唯一的限制是，你用什么符号开启标签，就要用什么符号结束。</p>\n<p>强调也可以直接插在文字中间：</p>\n<pre><code>un*frigging*believable\n</code></pre>\n<p>但是<strong>如果你的 <code>*</code> 和 <code>_</code> 两边都有空白的话，它们就只会被当成普通的符号</strong>。</p>\n<p>如果要在文字前后直接插入普通的星号或底线，你可以用反斜线：</p>\n<pre><code>\\*this text is surrounded by literal asterisks\\*\n</code></pre>\n<h3 id=\"code\">代码</h3>\n<p>如果要标记一小段行内代码，你可以用反引号把它包起来（<code>`</code>），例如：</p>\n<pre><code>Use the `printf()` function.\n</code></pre>\n<p>会产生：</p>\n<pre><code>&lt;p&gt;Use the &lt;code&gt;printf()&lt;/code&gt; function.&lt;/p&gt;\n</code></pre>\n<p>如果要在代码区段内插入反引号，你可以用多个反引号来开启和结束代码区段：</p>\n<pre><code>``There is a literal backtick (`) here.``\n</code></pre>\n<p>这段语法会产生：</p>\n<pre><code>&lt;p&gt;&lt;code&gt;There is a literal backtick (`) here.&lt;/code&gt;&lt;/p&gt;\n</code></pre>\n<p>代码区段的起始和结束端都可以放入一个空白，起始端后面一个，结束端前面一个，这样你就可以在区段的一开始就插入反引号：</p>\n<pre><code>A single backtick in a code span: `` ` ``\n\nA backtick-delimited string in a code span: `` `foo` ``\n</code></pre>\n<p>会产生：</p>\n<pre><code>&lt;p&gt;A single backtick in a code span: &lt;code&gt;`&lt;/code&gt;&lt;/p&gt;\n\n&lt;p&gt;A backtick-delimited string in a code span: &lt;code&gt;`foo`&lt;/code&gt;&lt;/p&gt;\n</code></pre>\n<p>在代码区段内，<code>&amp;</code> 和尖括号<strong>都</strong>会被自动地转成 HTML 实体，这使得插入 HTML 原始码变得很容易，Markdown 会把下面这段：</p>\n<pre><code>Please don\'t use any `&lt;blink&gt;` tags.\n</code></pre>\n<p>转为：</p>\n<pre><code>&lt;p&gt;Please don\'t use any &lt;code&gt;&amp;lt;blink&amp;gt;&lt;/code&gt; tags.&lt;/p&gt;\n</code></pre>\n<p>你也可以这样写：</p>\n<pre><code>`&amp;#8212;` is the decimal-encoded equivalent of `&amp;mdash;`.\n</code></pre>\n<p>以产生：</p>\n<pre><code>&lt;p&gt;&lt;code&gt;&amp;amp;#8212;&lt;/code&gt; is the decimal-encoded\nequivalent of &lt;code&gt;&amp;amp;mdash;&lt;/code&gt;.&lt;/p&gt;\n</code></pre>\n<h3 id=\"img\">图片</h3>\n<p>很明显地，要在纯文字应用中设计一个「自然」的语法来插入图片是有一定难度的。</p>\n<p>Markdown 使用一种和链接很相似的语法来标记图片，同样也允许两种样式： <em>行内式</em>和<em>参考式</em>。</p>\n<p>行内式的图片语法看起来像是：</p>\n<pre><code>![I love Python](https://www.python.org/static/community_logos/python-logo-master-v3-TM-flattened.png)\n\n![I love Python](https://www.python.org/static/community_logos/python-logo-master-v3-TM-flattened.png &quot;Optional title&quot;)\n</code></pre>\n<p><img src=\"https://www.python.org/static/community_logos/python-logo-master-v3-TM-flattened.png\" alt=\"I love Python\" title=\"Life is short,I use Python.\" /></p>\n<p>详细叙述如下：</p>\n<ul>\n<li>一个惊叹号 <code>!</code></li>\n<li>接着一个方括号，里面放上图片的替代文字</li>\n<li>接着一个普通括号，里面放上图片的网址，最后还可以用引号包住并加上<br />\n选择性的 ‘title’ 文字。</li>\n</ul>\n<p>参考式的图片语法则长得像这样：</p>\n<pre><code>![Alt text][id]\n</code></pre>\n<p>「id」是图片参考的名称，图片参考的定义方式则和连结参考一样：</p>\n<pre><code>[id]: url/to/image  &quot;Optional title attribute&quot;\n</code></pre>\n<p>到目前为止， Markdown 还没有办法指定图片的宽高，如果你需要的话，你可以使用普通的 <code>&lt;img&gt;</code> 标签。</p>\n<hr />\n<h2 id=\"misc\">其它</h2>\n<h3 id=\"autolink\">自动链接</h3>\n<p>Markdown 支持以比较简短的自动链接形式来处理网址和电子邮件信箱，只要是用尖括号包起来， Markdown 就会自动把它转成链接。一般网址的链接文字就和链接地址一样，例如：</p>\n<pre><code>&lt;http://example.com/&gt;\n</code></pre>\n<p>Markdown 会转为：</p>\n<pre><code>&lt;a href=&quot;http://example.com/&quot;&gt;http://example.com/&lt;/a&gt;\n</code></pre>\n<p>邮址的自动链接也很类似，只是 Markdown 会先做一个编码转换的过程，把文字字符转成 16 进位码的 HTML 实体，这样的格式可以糊弄一些不好的邮址收集机器人，例如：</p>\n<pre><code>&lt;address@example.com&gt;\n</code></pre>\n<p>Markdown 会转成：</p>\n<pre><code>&lt;a href=&quot;&amp;#x6D;&amp;#x61;i&amp;#x6C;&amp;#x74;&amp;#x6F;:&amp;#x61;&amp;#x64;&amp;#x64;&amp;#x72;&amp;#x65;\n&amp;#115;&amp;#115;&amp;#64;&amp;#101;&amp;#120;&amp;#x61;&amp;#109;&amp;#x70;&amp;#x6C;e&amp;#x2E;&amp;#99;&amp;#111;\n&amp;#109;&quot;&gt;&amp;#x61;&amp;#x64;&amp;#x64;&amp;#x72;&amp;#x65;&amp;#115;&amp;#115;&amp;#64;&amp;#101;&amp;#120;&amp;#x61;\n&amp;#109;&amp;#x70;&amp;#x6C;e&amp;#x2E;&amp;#99;&amp;#111;&amp;#109;&lt;/a&gt;\n</code></pre>\n<p>在浏览器里面，这段字串（其实是 <code>&lt;a href=&quot;mailto:address@example.com&quot;&gt;address@example.com&lt;/a&gt;</code>）会变成一个可以点击的「address@example.com」链接。</p>\n<p>（这种作法虽然可以糊弄不少的机器人，但并不能全部挡下来，不过总比什么都不做好些。不管怎样，公开你的信箱终究会引来广告信件的。）</p>\n<h3 id=\"backslash\">反斜杠</h3>\n<p>Markdown 可以利用反斜杠来插入一些在语法中有其它意义的符号，例如：如果你想要用星号加在文字旁边的方式来做出强调效果（但不用 <code>&lt;em&gt;</code> 标签），你可以在星号的前面加上反斜杠：</p>\n<pre><code>\\*literal asterisks\\*\n</code></pre>\n<p>Markdown 支持以下这些符号前面加上反斜杠来帮助插入普通的符号：</p>\n<pre><code>\\   反斜线\n`   反引号\n*   星号\n_   底线\n{}  花括号\n[]  方括号\n()  括弧\n#   井字号\n+   加号\n-   减号\n.   英文句点\n!   惊叹号\n</code></pre>\n<h2 id=\"acknowledgement\">感谢</h2>\n<p>感谢 <a href=\"https://twitter.com/#!/leafy7382\" target=\"_blank\">leafy7382</a> 协助翻译，<a href=\"http://iamhlb.com/\" target=\"_blank\">hlb</a>、<a href=\"http://twitter.com/randylien\" target=\"_blank\">Randylien</a> 帮忙润稿，<a href=\"https://twitter.com/#!/ethantw\" target=\"_blank\">ethantw</a> 的<a href=\"http://ethantw.net/projects/han/\" target=\"_blank\">汉字标准格式・CSS Reset</a>， <a href=\"http://kidwm.net/\" target=\"_blank\">WM</a> 回报文字错误。</p>\n<p>感谢 <a href=\"https://github.com/fenprace\" target=\"_blank\">fenprace</a>，<a href=\"https://github.com/addv\" target=\"_blank\">addv</a>。</p>\n<hr />\n<h2 id=\"editor\">Markdown 免费编辑器</h2>\n<p>Windows 平台</p>\n<ul>\n<li><a href=\"http://markdownpad.com/\" target=\"_blank\">MarkdownPad</a></li>\n<li><a href=\"http://code52.org/DownmarkerWPF/\" target=\"_blank\">MarkPad</a></li>\n</ul>\n<p>Linux 平台</p>\n<ul>\n<li><a href=\"http://sourceforge.net/p/retext/home/ReText/\" target=\"_blank\">ReText</a></li>\n</ul>\n<p>Mac 平台</p>\n<ul>\n<li><a href=\"http://mouapp.com/\" target=\"_blank\">Mou</a></li>\n</ul>\n<p>在线编辑器</p>\n<ul>\n<li><a href=\"http://markable.in/\" target=\"_blank\">Markable.in</a></li>\n<li><a href=\"http://dillinger.io/\" target=\"_blank\">Dillinger.io</a></li>\n</ul>\n<p>浏览器插件</p>\n<ul>\n<li><a href=\"https://chrome.google.com/webstore/detail/oknndfeeopgpibecfjljjfanledpbkog\" target=\"_blank\">MaDe</a> (Chrome)</li>\n</ul>\n<p>高级应用</p>\n<ul>\n<li><a href=\"http://www.sublimetext.com/2\" target=\"_blank\">Sublime Text 2</a> + <a href=\"http://ttscoff.github.com/MarkdownEditing/\" target=\"_blank\">MarkdownEditing</a> / <a href=\"http://lucifr.com/2012/07/12/markdownediting-for-sublime-text-2/\" target=\"_blank\">教程</a></li>\n</ul>\n<p>*** 如有更好的 Markdown 免费编辑器推荐，请到<a href=\"https://gitcafe.com/riku/Markdown-Syntax-CN/tickets/1\" target=\"_blank\">这里反馈</a>，谢谢！</p>\n','# [欢迎访问 `别院牧志`](http://masantu.com)\n\n**NOTE:** This is Simplelified  Chinese Edition Document of Markdown Syntax. If you are seeking for English Edition Document. Please refer to [Markdown: Syntax][eng-doc].\n\n[eng-doc]:http://daringfireball.net/projects/markdown/syntax\n\n**声明：** 这份文档派生(fork)于[繁体中文版](http://markdown.tw/)，在此基础上进行了繁体转简体工作，并进行了适当的润色。此文档用 Markdown 语法编写，你可以到这里[查看它的源文件][src1]。「繁体中文版的原始文件可以[查看这里][src] 。」--By @[riku][t]\n\n**注：** 本项目托管于 [GitHub][]上，请通过\"派生\"和\"合并请求\"来帮忙改进本项目。\n\n  [src1]: http://gitcafe.com/riku/Markdown-Syntax-CN/blob/master/syntax.md\n  [src]: https://github.com/othree/markdown-syntax-zhtw/blob/master/syntax.md\n  [t]: http://twitter.com/riku\n  [g]: http://gitcafe.com/riku/Markdown-Syntax-CN\n  [Github]: https://github.com/riku/Markdown-Syntax-CN\n  [GitCafe]: http://gitcafe.com/riku/Markdown-Syntax-CN/\n\nMarkdown 语法说明 (简体中文版) / ([点击查看快速入门](./basic.html))\n================\n\n*   [概述](#overview)\n    *   [宗旨](#philosophy)\n    *   [兼容 HTML](#html)\n    *   [特殊字符自动转换](#autoescape)\n*   [区块元素](#block)\n    *   [段落和换行](#p)\n    *   [标题](#header)\n    *   [区块引用](#blockquote)\n    *   [列表](#list)\n    *   [代码区块](#precode)\n    *   [分隔线](#hr)\n*   [区段元素](#span)\n    *   [链接](#link)\n    *   [强调](#em)\n    *   [代码](#code)\n    *   [图片](#img)\n*   [其它](#misc)\n    *   [反斜杠](#backslash)\n    *   [自动链接](#autolink)\n*   [感谢](#acknowledgement)\n*	[Markdown 免费编辑器](#editor)\n\n* * *\n\n<h2 id=\"overview\">概述</h2>\n\n<h3 id=\"philosophy\">宗旨</h3>\n\nMarkdown 的目标是实现「易读易写」。\n\n可读性，无论如何，都是最重要的。一份使用 Markdown 格式撰写的文件应该可以直接以纯文本发布，并且看起来不会像是由许多标签或是格式指令所构成。Markdown 语法受到一些既有 text-to-HTML 格式的影响，包括 [Setext] [1]、[atx] [2]、[Textile] [3]、[reStructuredText] [4]、[Grutatext] [5] 和 [EtText] [6]，而最大灵感来源其实是纯文本电子邮件的格式。\n\n  [1]: http://docutils.sourceforge.net/mirror/setext.html\n  [2]: http://www.aaronsw.com/2002/atx/\n  [3]: http://textism.com/tools/textile/\n  [4]: http://docutils.sourceforge.net/rst.html\n  [5]: http://www.triptico.com/software/grutatxt.html\n  [6]: http://ettext.taint.org/doc/\n\n总之， Markdown 的语法全由一些符号所组成，这些符号经过精挑细选，其作用一目了然。比如：在文字两旁加上星号，看起来就像\\*强调\\*。Markdown 的列表看起来，嗯，就是列表。Markdown 的区块引用看起来就真的像是引用一段文字，就像你曾在电子邮件中见过的那样。\n\n<h3 id=\"html\">兼容 HTML</h3>\n\nMarkdown 语法的目标是：成为一种适用于网络的*书写*语言。\n\nMarkdown 不是想要取代 HTML，甚至也没有要和它相近，它的语法种类很少，只对应 HTML 标记的一小部分。Markdown 的构想*不是*要使得 HTML 文档更容易书写。在我看来， HTML 已经很容易写了。Markdown 的理念是，能让文档更容易读、写和随意改。HTML 是一种*发布*的格式，Markdown 是一种*书写*的格式。就这样，Markdown 的格式语法只涵盖纯文本可以涵盖的范围。\n\n不在 Markdown 涵盖范围之内的标签，都可以直接在文档里面用 HTML 撰写。不需要额外标注这是 HTML 或是 Markdown；只要直接加标签就可以了。\n\n要制约的只有一些 HTML 区块元素――比如 `<div>`、`<table>`、`<pre>`、`<p>` 等标签，必须在前后加上空行与其它内容区隔开，还要求它们的开始标签与结尾标签不能用制表符或空格来缩进。Markdown 的生成器有足够智能，不会在 HTML 区块标签外加上不必要的 `<p>` 标签。\n\n例子如下，在 Markdown 文件里加上一段 HTML 表格：\n\n    这是一个普通段落。\n\n    <table>\n        <tr>\n            <td>Foo</td>\n        </tr>\n    </table>\n\n    这是另一个普通段落。\n\n请注意，在 HTML 区块标签间的 Markdown 格式语法将不会被处理。比如，你在 HTML 区块内使用 Markdown 样式的`*强调*`会没有效果。\n\nHTML 的区段（行内）标签如 `<span>`、`<cite>`、`<del>` 可以在 Markdown 的段落、列表或是标题里随意使用。依照个人习惯，甚至可以不用 Markdown 格式，而直接采用 HTML 标签来格式化。举例说明：如果比较喜欢 HTML 的 `<a>` 或 `<img>` 标签，可以直接使用这些标签，而不用 Markdown 提供的链接或是图像标签语法。\n\n和处在 HTML 区块标签间不同，Markdown 语法在 HTML 区段标签间是有效的。\n\n<h3 id=\"autoescape\">特殊字符自动转换</h3>\n\n在 HTML 文件中，有两个字符需要特殊处理： `<` 和 `&` 。 `<` 符号用于起始标签，`&` 符号则用于标记 HTML 实体，如果你只是想要显示这些字符的原型，你必须要使用实体的形式，像是 `&lt;` 和 `&amp;`。\n\n`&` 字符尤其让网络文档编写者受折磨，如果你要打「`AT&T`」 ，你必须要写成「`AT&amp;T`」。而网址中的 `&` 字符也要转换。比如你要链接到：\n\n    http://images.google.com/images?num=30&q=larry+bird\n\n你必须要把网址转换写为：\n\n    http://images.google.com/images?num=30&amp;q=larry+bird\n\n才能放到链接标签的 `href` 属性里。不用说也知道这很容易忽略，这也可能是 HTML 标准检验所检查到的错误中，数量最多的。\n\nMarkdown 让你可以自然地书写字符，需要转换的由它来处理好了。如果你使用的 `&` 字符是 HTML 字符实体的一部分，它会保留原状，否则它会被转换成 `&amp`;。\n\n所以你如果要在文档中插入一个版权符号 `©`，你可以这样写：\n\n    &copy;\n\nMarkdown 会保留它不动。而若你写：\n\n    AT&T\n\nMarkdown 就会将它转为：\n\n    AT&amp;T\n\n类似的状况也会发生在 `<` 符号上，因为 Markdown 允许 [兼容 HTML](#html) ，如果你是把 `<` 符号作为 HTML 标签的定界符使用，那 Markdown 也不会对它做任何转换，但是如果你写：\n\n    4 < 5\n\nMarkdown 将会把它转换为：\n\n    4 &lt; 5\n\n不过需要注意的是，code 范围内，不论是行内还是区块， `<` 和 `&` 两个符号都*一定*会被转换成 HTML 实体，这项特性让你可以很容易地用 Markdown 写 HTML code （和 HTML 相对而言， HTML 语法中，你要把所有的 `<` 和 `&` 都转换为 HTML 实体，才能在 HTML 文件里面写出 HTML code。）\n\n* * *\n\n<h2 id=\"block\">区块元素</h2>\n\n\n<h3 id=\"p\">段落和换行</h3>\n\n一个 Markdown 段落是由一个或多个连续的文本行组成，它的前后要有一个以上的空行（空行的定义是显示上看起来像是空的，便会被视为空行。比方说，若某一行只包含空格和制表符，则该行也会被视为空行）。普通段落不该用空格或制表符来缩进。\n\n「由一个或多个连续的文本行组成」这句话其实暗示了 Markdown 允许段落内的强迫换行（插入换行符），这个特性和其他大部分的 text-to-HTML 格式不一样（包括 Movable Type 的「Convert Line Breaks」选项），其它的格式会把每个换行符都转成 `<br />` 标签。\n\n如果你*确实*想要依赖 Markdown 来插入 `<br />` 标签的话，在插入处先按入两个以上的空格然后回车。\n\n的确，需要多费点事（多加空格）来产生 `<br />` ，但是简单地「每个换行都转换为 `<br />`」的方法在 Markdown 中并不适合， Markdown 中 email 式的 [区块引用][bq] 和多段落的 [列表][l] 在使用换行来排版的时候，不但更好用，还更方便阅读。\n\n  [bq]: #blockquote\n  [l]:  #list\n\n<h3 id=\"header\">标题</h3>\n\nMarkdown 支持两种标题的语法，类 [Setext] [1] 和类 [atx] [2] 形式。\n\n类 Setext 形式是用底线的形式，利用 `=` （最高阶标题）和 `-` （第二阶标题），例如：\n\n    This is an H1\n    =============\n\n    This is an H2\n    -------------\n\n任何数量的 `=` 和 `-` 都可以有效果。\n\n类 Atx 形式则是在行首插入 1 到 6 个 `#` ，对应到标题 1 到 6 阶，例如：\n\n    # 这是 H1\n\n    ## 这是 H2\n\n    ###### 这是 H6\n\n你可以选择性地「闭合」类 atx 样式的标题，这纯粹只是美观用的，若是觉得这样看起来比较舒适，你就可以在行尾加上 `#`，而行尾的 `#` 数量也不用和开头一样（行首的井字符数量决定标题的阶数）：\n\n    # 这是 H1 #\n\n    ## 这是 H2 ##\n\n    ### 这是 H3 ######\n\n\n<h3 id=\"blockquote\">区块引用 Blockquotes</h3>\n\nMarkdown 标记区块引用是使用类似 email 中用 `>` 的引用方式。如果你还熟悉在 email 信件中的引言部分，你就知道怎么在 Markdown 文件中建立一个区块引用，那会看起来像是你自己先断好行，然后在每行的最前面加上 `>` ：\n\n    > This is a blockquote with two paragraphs. Lorem ipsum dolor sit amet,\n    > consectetuer adipiscing elit. Aliquam hendrerit mi posuere lectus.\n    > Vestibulum enim wisi, viverra nec, fringilla in, laoreet vitae, risus.\n    > \n    > Donec sit amet nisl. Aliquam semper ipsum sit amet velit. Suspendisse\n    > id sem consectetuer libero luctus adipiscing.\n\nMarkdown 也允许你偷懒只在整个段落的第一行最前面加上 `>` ：\n\n    > This is a blockquote with two paragraphs. Lorem ipsum dolor sit amet,\n    consectetuer adipiscing elit. Aliquam hendrerit mi posuere lectus.\n    Vestibulum enim wisi, viverra nec, fringilla in, laoreet vitae, risus.\n\n    > Donec sit amet nisl. Aliquam semper ipsum sit amet velit. Suspendisse\n    id sem consectetuer libero luctus adipiscing.\n\n区块引用可以嵌套（例如：引用内的引用），只要根据层次加上不同数量的 `>` ：\n\n    > This is the first level of quoting.\n    >\n    > > This is nested blockquote.\n    >\n    > Back to the first level.\n\n引用的区块内也可以使用其他的 Markdown 语法，包括标题、列表、代码区块等：\n\n	> ## 这是一个标题。\n	> \n	> 1.   这是第一行列表项。\n	> 2.   这是第二行列表项。\n	> \n	> 给出一些例子代码：\n	> \n	>     return shell_exec(\"echo $input | $markdown_script\");\n\n任何像样的文本编辑器都能轻松地建立 email 型的引用。例如在 BBEdit 中，你可以选取文字后然后从选单中选择*增加引用阶层*。\n\n<h3 id=\"list\">列表</h3>\n\nMarkdown 支持有序列表和无序列表。\n\n无序列表使用星号、加号或是减号作为列表标记：\n\n    *   Red\n    *   Green\n    *   Blue\n\n等同于：\n\n    +   Red\n    +   Green\n    +   Blue\n\n也等同于：\n\n    -   Red\n    -   Green\n    -   Blue\n\n有序列表则使用数字接着一个英文句点：\n\n    1.  Bird\n    2.  McHale\n    3.  Parish\n\n很重要的一点是，你在列表标记上使用的数字并不会影响输出的 HTML 结果，上面的列表所产生的 HTML 标记为：\n\n    <ol>\n    <li>Bird</li>\n    <li>McHale</li>\n    <li>Parish</li>\n    </ol>\n\n如果你的列表标记写成：\n\n    1.  Bird\n    1.  McHale\n    1.  Parish\n\n或甚至是：\n\n    3. Bird\n    1. McHale\n    8. Parish\n\n你都会得到完全相同的 HTML 输出。重点在于，你可以让 Markdown 文件的列表数字和输出的结果相同，或是你懒一点，你可以完全不用在意数字的正确性。\n\n如果你使用懒惰的写法，建议第一个项目最好还是从 1. 开始，因为 Markdown 未来可能会支持有序列表的 start 属性。\n\n列表项目标记通常是放在最左边，但是其实也可以缩进，最多 3 个空格，项目标记后面则一定要接着至少一个空格或制表符。\n\n要让列表看起来更漂亮，你可以把内容用固定的缩进整理好：\n\n    *   Lorem ipsum dolor sit amet, consectetuer adipiscing elit.\n        Aliquam hendrerit mi posuere lectus. Vestibulum enim wisi,\n        viverra nec, fringilla in, laoreet vitae, risus.\n    *   Donec sit amet nisl. Aliquam semper ipsum sit amet velit.\n        Suspendisse id sem consectetuer libero luctus adipiscing.\n\n但是如果你懒，那也行：\n\n    *   Lorem ipsum dolor sit amet, consectetuer adipiscing elit.\n    Aliquam hendrerit mi posuere lectus. Vestibulum enim wisi,\n    viverra nec, fringilla in, laoreet vitae, risus.\n    *   Donec sit amet nisl. Aliquam semper ipsum sit amet velit.\n    Suspendisse id sem consectetuer libero luctus adipiscing.\n\n如果列表项目间用空行分开，在输出 HTML 时 Markdown 就会将项目内容用 `<p>` \n标签包起来，举例来说：\n\n    *   Bird\n    *   Magic\n\n会被转换为：\n\n    <ul>\n    <li>Bird</li>\n    <li>Magic</li>\n    </ul>\n\n但是这个：\n\n    *   Bird\n\n    *   Magic\n\n会被转换为：\n\n    <ul>\n    <li><p>Bird</p></li>\n    <li><p>Magic</p></li>\n    </ul>\n\n列表项目可以包含多个段落，每个项目下的段落都必须缩进 4 个空格或是 1 个制表符：\n\n    1.  This is a list item with two paragraphs. Lorem ipsum dolor\n        sit amet, consectetuer adipiscing elit. Aliquam hendrerit\n        mi posuere lectus.\n\n        Vestibulum enim wisi, viverra nec, fringilla in, laoreet\n        vitae, risus. Donec sit amet nisl. Aliquam semper ipsum\n        sit amet velit.\n\n    2.  Suspendisse id sem consectetuer libero luctus adipiscing.\n\n如果你每行都有缩进，看起来会看好很多，当然，再次地，如果你很懒惰，Markdown 也允许：\n\n    *   This is a list item with two paragraphs.\n\n        This is the second paragraph in the list item. You\'re\n    only required to indent the first line. Lorem ipsum dolor\n    sit amet, consectetuer adipiscing elit.\n\n    *   Another item in the same list.\n\n如果要在列表项目内放进引用，那 `>` 就需要缩进：\n\n    *   A list item with a blockquote:\n\n        > This is a blockquote\n        > inside a list item.\n\n如果要放代码区块的话，该区块就需要缩进*两次*，也就是 8 个空格或是 2 个制表符：\n\n    *   一列表项包含一个列表区块：\n\n            <代码写在这>\n\n\n当然，项目列表很可能会不小心产生，像是下面这样的写法：\n\n    1986. What a great season.\n\n换句话说，也就是在行首出现*数字-句点-空白*，要避免这样的状况，你可以在句点前面加上反斜杠。\n\n    1986\\. What a great season.\n\n<h3 id=\"precode\">代码区块</h3>\n\n和程序相关的写作或是标签语言原始码通常会有已经排版好的代码区块，通常这些区块我们并不希望它以一般段落文件的方式去排版，而是照原来的样子显示，Markdown 会用 `<pre>` 和 `<code>` 标签来把代码区块包起来。\n\n要在 Markdown 中建立代码区块很简单，只要简单地缩进 4 个空格或是 1 个制表符就可以，例如，下面的输入：\n\n    这是一个普通段落：\n\n        这是一个代码区块。\n\nMarkdown 会转换成：\n\n    <p>这是一个普通段落：</p>\n\n    <pre><code>这是一个代码区块。\n    </code></pre>\n\n这个每行一阶的缩进（4 个空格或是 1 个制表符），都会被移除，例如：\n\n    Here is an example of AppleScript:\n\n        tell application \"Foo\"\n            beep\n        end tell\n\n会被转换为：\n\n    <p>Here is an example of AppleScript:</p>\n\n    <pre><code>tell application \"Foo\"\n        beep\n    end tell\n    </code></pre>\n\n一个代码区块会一直持续到没有缩进的那一行（或是文件结尾）。\n\n在代码区块里面， `&` 、 `<` 和 `>` 会自动转成 HTML 实体，这样的方式让你非常容易使用 Markdown 插入范例用的 HTML 原始码，只需要复制贴上，再加上缩进就可以了，剩下的 Markdown 都会帮你处理，例如：\n\n        <div class=\"footer\">\n            &copy; 2004 Foo Corporation\n        </div>\n\n会被转换为：\n\n    <pre><code>&lt;div class=\"footer\"&gt;\n        &amp;copy; 2004 Foo Corporation\n    &lt;/div&gt;\n    </code></pre>\n\n代码区块中，一般的 Markdown 语法不会被转换，像是星号便只是星号，这表示你可以很容易地以 Markdown 语法撰写 Markdown 语法相关的文件。\n\n<h3 id=\"hr\">分隔线</h3>\n\n你可以在一行中用三个以上的星号、减号、底线来建立一个分隔线，行内不能有其他东西。你也可以在星号或是减号中间插入空格。下面每种写法都可以建立分隔线：\n\n    * * *\n\n    ***\n\n    *****\n\n    - - -\n\n    ---------------------------------------\n\n\n* * *\n\n<h2 id=\"span\">区段元素</h2>\n\n<h3 id=\"link\">链接</h3>\n\nMarkdown 支持两种形式的链接语法： *行内式*和*参考式*两种形式。\n\n不管是哪一种，链接文字都是用 [方括号] 来标记。\n\n要建立一个*行内式*的链接，只要在方块括号后面紧接着圆括号并插入网址链接即可，如果你还想要加上链接的 title 文字，只要在网址后面，用双引号把 title 文字包起来即可，例如：\n\n    This is [an example](http://example.com/ \"Title\") inline link.\n\n    [This link](http://example.net/) has no title attribute.\n\n会产生：\n\n    <p>This is <a href=\"http://example.com/\" title=\"Title\">\n    an example</a> inline link.</p>\n\n    <p><a href=\"http://example.net/\">This link</a> has no\n    title attribute.</p>\n\n如果你是要链接到同样主机的资源，你可以使用相对路径：\n\n    See my [About](/about/) page for details.   \n\n*参考式*的链接是在链接文字的括号后面再接上另一个方括号，而在第二个方括号里面要填入用以辨识链接的标记：\n\n    This is [an example][id] reference-style link.\n\n你也可以选择性地在两个方括号中间加上一个空格：\n\n    This is [an example] [id] reference-style link.\n\n接着，在文件的任意处，你可以把这个标记的链接内容定义出来：\n\n    [id]: http://example.com/  \"Optional Title Here\"\n\n链接内容定义的形式为：\n\n*   方括号（前面可以选择性地加上至多三个空格来缩进），里面输入链接文字\n*   接着一个冒号\n*   接着一个以上的空格或制表符\n*   接着链接的网址\n*   选择性地接着 title 内容，可以用单引号、双引号或是括弧包着\n\n下面这三种链接的定义都是相同：\n\n	[foo]: http://example.com/  \"Optional Title Here\"\n	[foo]: http://example.com/  \'Optional Title Here\'\n	[foo]: http://example.com/  (Optional Title Here)\n\n**请注意：**有一个已知的问题是 Markdown.pl 1.0.1 会忽略单引号包起来的链接 title。\n\n链接网址也可以用尖括号包起来：\n\n    [id]: <http://example.com/>  \"Optional Title Here\"\n\n你也可以把 title 属性放到下一行，也可以加一些缩进，若网址太长的话，这样会比较好看：\n\n    [id]: http://example.com/longish/path/to/resource/here\n        \"Optional Title Here\"\n\n网址定义只有在产生链接的时候用到，并不会直接出现在文件之中。\n\n链接辨别标签可以有字母、数字、空白和标点符号，但是并*不*区分大小写，因此下面两个链接是一样的：\n\n	[link text][a]\n	[link text][A]\n\n*隐式链接标记*功能让你可以省略指定链接标记，这种情形下，链接标记会视为等同于链接文字，要用隐式链接标记只要在链接文字后面加上一个空的方括号，如果你要让 \"Google\" 链接到 google.com，你可以简化成：\n\n	[Google][]\n\n然后定义链接内容：\n\n	[Google]: http://google.com/\n\n由于链接文字可能包含空白，所以这种简化型的标记内也许包含多个单词：\n\n	Visit [Daring Fireball][] for more information.\n\n然后接着定义链接：\n\n	[Daring Fireball]: http://daringfireball.net/\n\n链接的定义可以放在文件中的任何一个地方，我比较偏好直接放在链接出现段落的后面，你也可以把它放在文件最后面，就像是注解一样。\n\n下面是一个参考式链接的范例：\n\n    I get 10 times more traffic from [Google] [1] than from\n    [Yahoo] [2] or [MSN] [3].\n\n      [1]: http://google.com/        \"Google\"\n      [2]: http://search.yahoo.com/  \"Yahoo Search\"\n      [3]: http://search.msn.com/    \"MSN Search\"\n\n如果改成用链接名称的方式写：\n\n    I get 10 times more traffic from [Google][] than from\n    [Yahoo][] or [MSN][].\n\n      [google]: http://google.com/        \"Google\"\n      [yahoo]:  http://search.yahoo.com/  \"Yahoo Search\"\n      [msn]:    http://search.msn.com/    \"MSN Search\"\n\n上面两种写法都会产生下面的 HTML。\n\n    <p>I get 10 times more traffic from <a href=\"http://google.com/\"\n    title=\"Google\">Google</a> than from\n    <a href=\"http://search.yahoo.com/\" title=\"Yahoo Search\">Yahoo</a>\n    or <a href=\"http://search.msn.com/\" title=\"MSN Search\">MSN</a>.</p>\n\n下面是用行内式写的同样一段内容的 Markdown 文件，提供作为比较之用：\n\n    I get 10 times more traffic from [Google](http://google.com/ \"Google\")\n    than from [Yahoo](http://search.yahoo.com/ \"Yahoo Search\") or\n    [MSN](http://search.msn.com/ \"MSN Search\").\n\n参考式的链接其实重点不在于它比较好写，而是它比较好读，比较一下上面的范例，使用参考式的文章本身只有 81 个字符，但是用行内形式的却会增加到 176 个字元，如果是用纯 HTML 格式来写，会有 234 个字元，在 HTML 格式中，标签比文本还要多。\n\n使用 Markdown 的参考式链接，可以让文件更像是浏览器最后产生的结果，让你可以把一些标记相关的元数据移到段落文字之外，你就可以增加链接而不让文章的阅读感觉被打断。\n\n<h3 id=\"em\">强调</h3>\n\nMarkdown 使用星号（`*`）和底线（`_`）作为标记强调字词的符号，被 `*` 或 `_` 包围的字词会被转成用 `<em>` 标签包围，用两个 `*` 或 `_` 包起来的话，则会被转成 `<strong>`，例如：\n\n    *single asterisks*\n\n    _single underscores_\n\n    **double asterisks**\n\n    __double underscores__\n\n会转成：\n\n    <em>single asterisks</em>\n\n    <em>single underscores</em>\n\n    <strong>double asterisks</strong>\n\n    <strong>double underscores</strong>\n\n你可以随便用你喜欢的样式，唯一的限制是，你用什么符号开启标签，就要用什么符号结束。\n\n强调也可以直接插在文字中间：\n\n    un*frigging*believable\n\n但是**如果你的 `*` 和 `_` 两边都有空白的话，它们就只会被当成普通的符号**。\n\n如果要在文字前后直接插入普通的星号或底线，你可以用反斜线：\n\n    \\*this text is surrounded by literal asterisks\\*\n\n<h3 id=\"code\">代码</h3>\n\n如果要标记一小段行内代码，你可以用反引号把它包起来（`` ` ``），例如：\n\n    Use the `printf()` function.\n\n会产生：\n\n    <p>Use the <code>printf()</code> function.</p>\n\n如果要在代码区段内插入反引号，你可以用多个反引号来开启和结束代码区段：\n\n    ``There is a literal backtick (`) here.``\n\n这段语法会产生：\n\n    <p><code>There is a literal backtick (`) here.</code></p>\n\n代码区段的起始和结束端都可以放入一个空白，起始端后面一个，结束端前面一个，这样你就可以在区段的一开始就插入反引号：\n\n	A single backtick in a code span: `` ` ``\n	\n	A backtick-delimited string in a code span: `` `foo` ``\n\n会产生：\n\n	<p>A single backtick in a code span: <code>`</code></p>\n	\n	<p>A backtick-delimited string in a code span: <code>`foo`</code></p>\n\n在代码区段内，`&` 和尖括号**都**会被自动地转成 HTML 实体，这使得插入 HTML 原始码变得很容易，Markdown 会把下面这段：\n\n    Please don\'t use any `<blink>` tags.\n\n转为：\n\n    <p>Please don\'t use any <code>&lt;blink&gt;</code> tags.</p>\n\n你也可以这样写：\n\n    `&#8212;` is the decimal-encoded equivalent of `&mdash;`.\n\n以产生：\n\n    <p><code>&amp;#8212;</code> is the decimal-encoded\n    equivalent of <code>&amp;mdash;</code>.</p>\n\n\n\n<h3 id=\"img\">图片</h3>\n\n很明显地，要在纯文字应用中设计一个「自然」的语法来插入图片是有一定难度的。\n\nMarkdown 使用一种和链接很相似的语法来标记图片，同样也允许两种样式： *行内式*和*参考式*。\n\n行内式的图片语法看起来像是：\n\n    ![I love Python](https://www.python.org/static/community_logos/python-logo-master-v3-TM-flattened.png)\n\n    ![I love Python](https://www.python.org/static/community_logos/python-logo-master-v3-TM-flattened.png \"Optional title\")\n\n![I love Python](https://www.python.org/static/community_logos/python-logo-master-v3-TM-flattened.png \"Life is short,I use Python.\")\n\n详细叙述如下：\n\n*   一个惊叹号 `!`\n*   接着一个方括号，里面放上图片的替代文字\n*   接着一个普通括号，里面放上图片的网址，最后还可以用引号包住并加上\n    选择性的 \'title\' 文字。\n\n参考式的图片语法则长得像这样：\n\n    ![Alt text][id]\n\n「id」是图片参考的名称，图片参考的定义方式则和连结参考一样：\n\n    [id]: url/to/image  \"Optional title attribute\"\n\n到目前为止， Markdown 还没有办法指定图片的宽高，如果你需要的话，你可以使用普通的 `<img>` 标签。\n\n* * *\n\n<h2 id=\"misc\">其它</h2>\n\n<h3 id=\"autolink\">自动链接</h3>\n\nMarkdown 支持以比较简短的自动链接形式来处理网址和电子邮件信箱，只要是用尖括号包起来， Markdown 就会自动把它转成链接。一般网址的链接文字就和链接地址一样，例如：\n\n    <http://example.com/>\n\nMarkdown 会转为：\n\n    <a href=\"http://example.com/\">http://example.com/</a>\n\n邮址的自动链接也很类似，只是 Markdown 会先做一个编码转换的过程，把文字字符转成 16 进位码的 HTML 实体，这样的格式可以糊弄一些不好的邮址收集机器人，例如：\n\n    <address@example.com>\n\nMarkdown 会转成：\n\n    <a href=\"&#x6D;&#x61;i&#x6C;&#x74;&#x6F;:&#x61;&#x64;&#x64;&#x72;&#x65;\n    &#115;&#115;&#64;&#101;&#120;&#x61;&#109;&#x70;&#x6C;e&#x2E;&#99;&#111;\n    &#109;\">&#x61;&#x64;&#x64;&#x72;&#x65;&#115;&#115;&#64;&#101;&#120;&#x61;\n    &#109;&#x70;&#x6C;e&#x2E;&#99;&#111;&#109;</a>\n\n在浏览器里面，这段字串（其实是 `<a href=\"mailto:address@example.com\">address@example.com</a>`）会变成一个可以点击的「address@example.com」链接。\n\n（这种作法虽然可以糊弄不少的机器人，但并不能全部挡下来，不过总比什么都不做好些。不管怎样，公开你的信箱终究会引来广告信件的。）\n\n<h3 id=\"backslash\">反斜杠</h3>\n\nMarkdown 可以利用反斜杠来插入一些在语法中有其它意义的符号，例如：如果你想要用星号加在文字旁边的方式来做出强调效果（但不用 `<em>` 标签），你可以在星号的前面加上反斜杠：\n\n    \\*literal asterisks\\*\n\nMarkdown 支持以下这些符号前面加上反斜杠来帮助插入普通的符号：\n\n    \\   反斜线\n    `   反引号\n    *   星号\n    _   底线\n    {}  花括号\n    []  方括号\n    ()  括弧\n    #   井字号\n    +   加号\n    -   减号\n    .   英文句点\n    !   惊叹号\n\n<h2 id=\"acknowledgement\">感谢</h2>\n\n感谢 [leafy7382][] 协助翻译，[hlb][]、[Randylien][] 帮忙润稿，[ethantw][] 的[汉字标准格式・CSS Reset][]， [WM][] 回报文字错误。\n\n[leafy7382]:https://twitter.com/#!/leafy7382\n[hlb]:http://iamhlb.com/\n[Randylien]:http://twitter.com/randylien\n[ethantw]:https://twitter.com/#!/ethantw\n[汉字标准格式・CSS Reset]:http://ethantw.net/projects/han/\n[WM]:http://kidwm.net/\n\n感谢 [fenprace][]，[addv][]。\n\n[fenprace]:https://github.com/fenprace\n[addv]:https://github.com/addv\n\n----------\n<h2 id=\"editor\">Markdown 免费编辑器</h2>\n\nWindows 平台\n\n* [MarkdownPad](http://markdownpad.com/)\n* [MarkPad](http://code52.org/DownmarkerWPF/)\n\nLinux 平台\n\n* [ReText](http://sourceforge.net/p/retext/home/ReText/)\n\nMac 平台\n\n* [Mou](http://mouapp.com/)\n\n在线编辑器\n\n* [Markable.in](http://markable.in/)\n* [Dillinger.io](http://dillinger.io/)\n\n浏览器插件\n\n* [MaDe](https://chrome.google.com/webstore/detail/oknndfeeopgpibecfjljjfanledpbkog) (Chrome)\n\n高级应用\n\n* [Sublime Text 2](http://www.sublimetext.com/2) + [MarkdownEditing](http://ttscoff.github.com/MarkdownEditing/) / [教程](http://lucifr.com/2012/07/12/markdownediting-for-sublime-text-2/)\n\n\\*** 如有更好的 Markdown 免费编辑器推荐，请到[这里反馈](https://gitcafe.com/riku/Markdown-Syntax-CN/tickets/1)，谢谢！','Markdown是一种可以使用普通文本编辑器编写的标记语言，通过简单的标记语法，它可以使普通文本内容具有一定的格式。');
/*!40000 ALTER TABLE `iy_article_body` ENABLE KEYS */;
UNLOCK TABLES;

--
-- Table structure for table `iy_category`
--

DROP TABLE IF EXISTS `iy_category`;
/*!40101 SET @saved_cs_client     = @@character_set_client */;
/*!40101 SET character_set_client = utf8 */;
CREATE TABLE `iy_category` (
  `id` int(11) NOT NULL AUTO_INCREMENT COMMENT '主键',
  `category_name` varchar(32) DEFAULT NULL COMMENT '分类名称',
  `description` varchar(255) DEFAULT NULL COMMENT '分类描述',
  PRIMARY KEY (`id`)
) ENGINE=InnoDB AUTO_INCREMENT=6 DEFAULT CHARSET=utf8;
/*!40101 SET character_set_client = @saved_cs_client */;

--
-- Dumping data for table `iy_category`
--

LOCK TABLES `iy_category` WRITE;
/*!40000 ALTER TABLE `iy_category` DISABLE KEYS */;
INSERT INTO `iy_category` VALUES (1,'前端',NULL),(2,'后端',NULL),(3,'生活',NULL),(4,'数据库',NULL),(5,'编程语言',NULL);
/*!40000 ALTER TABLE `iy_category` ENABLE KEYS */;
UNLOCK TABLES;

--
-- Table structure for table `iy_friend`
--

DROP TABLE IF EXISTS `iy_friend`;
/*!40101 SET @saved_cs_client     = @@character_set_client */;
/*!40101 SET character_set_client = utf8 */;
CREATE TABLE `iy_friend` (
  `id` int(11) NOT NULL AUTO_INCREMENT COMMENT '主键',
  `friend_name` varchar(64) DEFAULT NULL COMMENT '好友名称',
  `description` varchar(255) DEFAULT NULL COMMENT '好友描述',
  `friend_link` varchar(64) DEFAULT NULL COMMENT '友链',
  PRIMARY KEY (`id`)
) ENGINE=InnoDB DEFAULT CHARSET=utf8;
/*!40101 SET character_set_client = @saved_cs_client */;

--
-- Dumping data for table `iy_friend`
--

LOCK TABLES `iy_friend` WRITE;
/*!40000 ALTER TABLE `iy_friend` DISABLE KEYS */;
/*!40000 ALTER TABLE `iy_friend` ENABLE KEYS */;
UNLOCK TABLES;

--
-- Table structure for table `iy_post_tags`
--

DROP TABLE IF EXISTS `iy_post_tags`;
/*!40101 SET @saved_cs_client     = @@character_set_client */;
/*!40101 SET character_set_client = utf8 */;
CREATE TABLE `iy_post_tags` (
  `post_id` int(11) DEFAULT NULL,
  `tag_id` int(11) DEFAULT NULL,
  KEY `post_id` (`post_id`),
  KEY `tag_id` (`tag_id`),
  CONSTRAINT `iy_post_tags_ibfk_1` FOREIGN KEY (`post_id`) REFERENCES `iy_article` (`post_id`),
  CONSTRAINT `iy_post_tags_ibfk_2` FOREIGN KEY (`tag_id`) REFERENCES `iy_tag` (`id`)
) ENGINE=InnoDB DEFAULT CHARSET=utf8;
/*!40101 SET character_set_client = @saved_cs_client */;

--
-- Dumping data for table `iy_post_tags`
--

LOCK TABLES `iy_post_tags` WRITE;
/*!40000 ALTER TABLE `iy_post_tags` DISABLE KEYS */;
INSERT INTO `iy_post_tags` VALUES (20,7),(21,7),(22,7);
/*!40000 ALTER TABLE `iy_post_tags` ENABLE KEYS */;
UNLOCK TABLES;

--
-- Table structure for table `iy_syslog`
--

DROP TABLE IF EXISTS `iy_syslog`;
/*!40101 SET @saved_cs_client     = @@character_set_client */;
/*!40101 SET character_set_client = utf8 */;
CREATE TABLE `iy_syslog` (
  `id` int(11) NOT NULL AUTO_INCREMENT COMMENT '主键',
  `op_ip` varchar(64) DEFAULT NULL COMMENT '操作者ip',
  `operator` varchar(64) DEFAULT NULL COMMENT '操作者',
  `op_module` varchar(255) DEFAULT NULL COMMENT '操作模块',
  `operation` varchar(64) DEFAULT NULL COMMENT '操作事件',
  `op_time` datetime DEFAULT NULL COMMENT '操作时间',
  PRIMARY KEY (`id`)
) ENGINE=InnoDB DEFAULT CHARSET=utf8;
/*!40101 SET character_set_client = @saved_cs_client */;

--
-- Dumping data for table `iy_syslog`
--

LOCK TABLES `iy_syslog` WRITE;
/*!40000 ALTER TABLE `iy_syslog` DISABLE KEYS */;
/*!40000 ALTER TABLE `iy_syslog` ENABLE KEYS */;
UNLOCK TABLES;

--
-- Table structure for table `iy_tag`
--

DROP TABLE IF EXISTS `iy_tag`;
/*!40101 SET @saved_cs_client     = @@character_set_client */;
/*!40101 SET character_set_client = utf8 */;
CREATE TABLE `iy_tag` (
  `id` int(11) NOT NULL AUTO_INCREMENT COMMENT '主键',
  `tag_name` varchar(24) DEFAULT NULL COMMENT '标签名称',
  PRIMARY KEY (`id`)
) ENGINE=InnoDB AUTO_INCREMENT=8 DEFAULT CHARSET=utf8;
/*!40101 SET character_set_client = @saved_cs_client */;

--
-- Dumping data for table `iy_tag`
--

LOCK TABLES `iy_tag` WRITE;
/*!40000 ALTER TABLE `iy_tag` DISABLE KEYS */;
INSERT INTO `iy_tag` VALUES (1,'原创'),(2,'Python'),(3,'影评'),(4,'阅读'),(5,'MySQL'),(6,'推荐'),(7,'test');
/*!40000 ALTER TABLE `iy_tag` ENABLE KEYS */;
UNLOCK TABLES;

--
-- Table structure for table `iy_user`
--

DROP TABLE IF EXISTS `iy_user`;
/*!40101 SET @saved_cs_client     = @@character_set_client */;
/*!40101 SET character_set_client = utf8 */;
CREATE TABLE `iy_user` (
  `id` int(11) NOT NULL AUTO_INCREMENT COMMENT '主键',
  `username` varchar(64) DEFAULT NULL COMMENT '用户名',
  `name` varchar(32) DEFAULT NULL COMMENT '真实姓名',
  `password` varchar(128) DEFAULT NULL COMMENT '密码，加密保存',
  `email` varchar(120) DEFAULT NULL COMMENT '注册邮箱',
  `location` varchar(64) DEFAULT NULL COMMENT '居住地',
  `slogan` varchar(64) DEFAULT '唯有文字能担当此任，宣告生命曾经在场。' COMMENT 'Slogan',
  `create_date` datetime DEFAULT NULL COMMENT '用户创建时间',
  `last_login` datetime DEFAULT NULL COMMENT '最近登录时间',
  `confirmed` tinyint(1) DEFAULT NULL COMMENT '注册确认',
  `avatar_hash` varchar(32) DEFAULT NULL COMMENT '头像',
  PRIMARY KEY (`id`),
  UNIQUE KEY `ix_iy_user_username` (`username`),
  UNIQUE KEY `ix_iy_user_email` (`email`)
) ENGINE=InnoDB AUTO_INCREMENT=2 DEFAULT CHARSET=utf8;
/*!40101 SET character_set_client = @saved_cs_client */;

--
-- Dumping data for table `iy_user`
--

LOCK TABLES `iy_user` WRITE;
/*!40000 ALTER TABLE `iy_user` DISABLE KEYS */;
INSERT INTO `iy_user` VALUES (1,'imoyao','张牧志','$6$rounds=656000$tIs6tFIsFTmqLpUi$rD2UcO0T7VXsVGeUee11oY6HcxbqluGzAXdUWHCDCpTK8fvsMC5rW8R1ZVhyY912MUK19xcnSqrYp88eKsuBH1','emailme8@163.com','中国·北京','凡人皆需侍奉！','2018-01-22 17:14:49','2019-06-24 17:14:49',1,NULL);
/*!40000 ALTER TABLE `iy_user` ENABLE KEYS */;
UNLOCK TABLES;
/*!40103 SET TIME_ZONE=@OLD_TIME_ZONE */;

/*!40101 SET SQL_MODE=@OLD_SQL_MODE */;
/*!40014 SET FOREIGN_KEY_CHECKS=@OLD_FOREIGN_KEY_CHECKS */;
/*!40014 SET UNIQUE_CHECKS=@OLD_UNIQUE_CHECKS */;
/*!40101 SET CHARACTER_SET_CLIENT=@OLD_CHARACTER_SET_CLIENT */;
/*!40101 SET CHARACTER_SET_RESULTS=@OLD_CHARACTER_SET_RESULTS */;
/*!40101 SET COLLATION_CONNECTION=@OLD_COLLATION_CONNECTION */;
/*!40111 SET SQL_NOTES=@OLD_SQL_NOTES */;

-- Dump completed on 2019-06-28 22:40:35
